State,City,Race/Ethnicity/Ancestry,Religion,Sexual Orientation,Disability,Gender,Gender Identity,1st quarter,2nd quarter,3rd quarter,4th quarter,Population
Alabama,Birmingham,3,0,2,0,0,0,1,1,1,2,212291
Alabama,Hoover,4,0,0,0,0,0,0,3,1,0,85163
Alabama,Prattville,1,0,0,0,0,0,0,1,0,0,35637
Alaska,Anchorage,4,0,1,0,0,0,1,1,2,1,301239
Alaska,Kotzebue,1,0,0,0,0,0,0,1,0,0,3304
Alaska,North Pole,1,0,0,0,0,0,0,1,0,0,2190
Alaska,Soldotna,1,0,0,0,0,0,0,0,0,1,4512
Arizona,Apache Junction,2,0,0,0,0,0,1,1,0,0,38519
Arizona,Avondale,1,1,0,0,0,0,0,0,0,2,80533
Arizona,Chandler,1,0,0,0,0,0,0,0,1,0,258875
Arizona,El Mirage,0,1,0,0,0,0,0,1,0,0,33985
Arizona,Gilbert,3,1,0,0,0,0,2,1,1,0,247324
Arizona,Glendale,5,2,1,0,0,0,2,2,2,2,240374
Arizona,Holbrook,0,0,1,0,0,0,0,1,0,0,5007
Arizona,Mesa,2,2,0,0,0,0,1,0,1,2,471034
Arizona,Nogales,0,1,0,0,0,0,0,0,0,1,20312
Arizona,Phoenix,137,40,49,5,0,0,76,77,44,34,1559744
Arizona,Prescott,1,0,0,0,0,0,1,0,0,0,41393
Arizona,Scottsdale,1,1,1,0,0,0,2,0,1,0,233872
Arizona,Tucson,1,0,3,0,0,0,2,0,1,1,529675
Arizona,Williams,0,0,1,0,0,0,0,1,0,0,3110
Arizona,Yuma,3,0,1,0,0,0,0,2,1,1,93923
Arizona,"Arizona State University, Main Campus",2,0,0,0,0,0,1,1,0,0,83260
Arizona,Maricopa,1,0,0,0,0,0,1,0,0,0,1000000
Arizona,Pima,1,1,0,0,0,0,0,2,0,0,1000000
Arizona,Pinal,1,0,0,0,0,0,0,1,0,0,1000000
Arizona,Yavapai,0,1,0,0,0,0,1,0,0,0,1000000
Arizona,Graham,0,1,0,0,0,0,1,0,0,0,1000000
Arkansas,Bryant,1,0,0,0,0,0,1,0,0,0,20404
Arkansas,Fort Smith,0,0,2,0,0,0,1,0,0,1,87603
Arkansas,Sebastian,1,0,0,0,0,0,0,1,0,0,1000000
Arkansas,Boone,1,0,0,0,0,0,1,0,0,0,1000000
California,Alameda,1,1,0,0,0,0,1,0,1,0,78613
California,Alhambra,0,1,0,0,0,0,0,0,1,0,86175
California,Antioch,5,2,1,0,0,0,2,1,2,3,110537
California,Azusa,2,1,0,0,0,0,0,2,1,0,49431
California,Bakersfield,1,0,3,0,0,0,3,0,0,1,373887
California,Banning,1,1,0,0,0,0,0,1,1,0,31030
California,Bellflower,1,1,0,0,0,0,0,1,0,1,78635
California,Bell Gardens,2,0,0,0,0,0,0,1,0,1,43411
California,Berkeley,2,1,1,0,0,0,0,1,0,3,120387
California,Beverly Hills,0,2,0,0,0,0,0,2,0,0,35054
California,Brisbane,1,0,1,0,0,0,0,1,0,1,4696
California,Buena Park,0,1,0,0,0,0,0,0,0,1,83684
California,Burbank,1,0,0,0,0,0,0,1,0,0,105865
California,Calabasas,1,0,0,0,0,0,0,0,1,0,24505
California,Camarillo,1,0,0,0,0,0,0,1,0,0,67325
California,Carmel,0,1,0,0,0,0,0,0,1,0,3913
California,Carson,3,0,0,0,0,0,1,1,1,0,93677
California,Chino Hills,0,1,0,0,0,0,0,0,0,1,77515
California,Chula Vista,1,0,2,0,0,0,0,1,1,1,265215
California,Citrus Heights,1,1,0,0,0,0,0,0,0,2,86853
California,Claremont,1,2,1,0,0,0,0,2,0,2,36331
California,Clearlake,5,2,0,0,0,0,2,0,3,2,15044
California,Clovis,1,1,0,0,0,0,0,0,1,1,103769
California,Coachella,0,1,0,0,0,0,0,0,0,1,44953
California,Colton,0,1,0,0,0,0,0,1,0,0,54503
California,Commerce,0,0,1,0,0,0,0,0,1,0,13137
California,Compton,1,0,1,0,0,0,0,1,1,0,99125
California,Concord,3,1,1,0,0,0,2,0,0,3,128767
California,Covina,1,0,0,0,0,0,1,0,0,0,49300
California,Cypress,1,1,0,0,0,0,1,1,0,0,49560
California,Daly City,1,0,1,0,0,0,1,0,1,0,107320
California,Davis,2,2,2,0,0,0,5,0,1,0,67034
California,Diamond Bar,2,0,0,0,0,0,1,0,1,0,57085
California,East Palo Alto,0,1,1,0,0,0,0,0,1,1,29864
California,El Cajon,0,0,1,0,0,0,1,0,0,0,103942
California,El Cerrito,2,0,0,0,0,0,0,1,1,0,24842
California,Elk Grove,2,0,0,0,0,0,1,0,1,0,166183
California,El Monte,2,0,1,0,0,0,2,0,0,1,117376
California,El Segundo,1,0,0,0,0,0,0,0,1,0,17164
California,Escondido,6,0,0,0,0,0,2,1,1,2,151732
California,Eureka,2,0,0,0,0,0,1,0,1,0,26858
California,Fairfield,0,0,1,0,0,0,0,0,1,0,112582
California,Firebaugh,1,0,0,0,0,0,1,0,0,0,8484
California,Folsom,2,0,0,0,0,0,0,0,1,1,76183
California,Fort Bragg,0,1,0,0,0,0,0,0,1,0,7310
California,Foster City,0,0,1,0,0,0,0,0,1,0,33313
California,Fremont,2,1,0,0,0,0,2,1,0,0,232427
California,Fresno,7,0,1,0,0,2,3,1,5,1,520837
California,Fullerton,1,0,0,0,0,1,1,0,0,1,140771
California,Galt,2,0,0,0,0,0,2,0,0,0,25106
California,Garden Grove,1,1,0,0,0,0,2,0,0,0,176041
California,Glendale,1,0,0,0,0,1,0,0,2,0,202298
California,Glendora,1,0,0,0,0,0,0,0,1,0,51753
California,Goleta,1,0,0,0,0,0,1,0,0,0,31011
California,Greenfield,0,0,1,0,0,0,0,0,1,0,17061
California,Gridley,1,0,0,0,0,0,0,0,0,1,6580
California,Hanford,1,2,0,0,0,0,0,1,0,2,55299
California,Hawaiian Gardens,2,0,0,0,0,0,1,0,0,1,14629
California,Hawthorne,3,0,1,0,0,0,1,0,2,1,88410
California,Hayward,3,1,0,0,0,0,0,1,3,0,157157
California,Hemet,2,0,0,0,0,0,1,0,0,1,84030
California,Hermosa Beach,1,0,0,0,0,0,1,0,0,0,19986
California,Hesperia,0,0,2,0,0,0,1,0,0,1,93348
California,Hollister,0,0,1,0,0,0,0,0,0,1,37604
California,Huntington Beach,0,2,1,0,0,1,0,1,1,2,203233
California,Huntington Park,3,0,1,0,0,0,3,0,1,0,59668
California,Imperial,1,0,0,0,0,0,0,1,0,0,17338
California,Imperial Beach,1,0,0,0,0,0,0,1,0,0,27341
California,Indio,1,0,0,0,0,0,0,0,1,0,87195
California,Industry,1,0,0,0,0,0,0,1,0,0,206
California,Irvine,1,1,1,0,0,0,0,1,1,1,258198
California,Jurupa Valley,1,0,0,0,0,0,0,0,1,0,99706
California,Kerman,0,0,1,0,0,0,0,0,1,0,14595
California,Laguna Beach,1,0,1,0,0,0,0,0,2,0,23485
California,Lake Elsinore,0,0,1,0,0,0,1,0,0,0,61871
California,Lake Forest,4,0,0,0,0,0,0,0,1,3,80798
California,Lakewood,2,0,0,0,0,0,0,0,0,2,82047
California,La Mirada,1,1,0,0,0,0,1,0,0,1,49685
California,Lancaster,3,2,2,0,0,0,0,2,2,3,162095
California,Lawndale,0,0,1,0,0,0,1,0,0,0,33605
California,Lemoore,1,0,0,0,0,0,0,0,0,1,25348
California,Livermore,0,4,1,0,0,0,3,1,1,0,88316
California,Lodi,1,1,0,0,0,0,0,1,0,1,64369
California,Lomita,1,0,0,0,0,0,0,0,1,0,20893
California,Long Beach,6,0,6,0,0,0,3,3,4,2,476318
California,Los Alamitos,1,0,0,0,0,0,1,0,0,0,11789
California,Los Angeles,92,50,45,0,0,5,45,53,41,53,3962726
California,Los Gatos,1,0,0,0,0,0,0,0,1,0,31044
California,Malibu,0,1,0,0,0,0,0,0,1,0,13033
California,Manhattan Beach,1,0,0,0,0,0,0,0,0,1,36065
California,Manteca,0,2,0,0,0,0,1,0,1,0,75019
California,Marina,0,0,1,0,0,0,1,0,0,0,21094
California,Marysville,1,0,0,0,0,0,1,0,0,0,12264
California,Menifee,1,0,0,0,0,0,0,1,0,0,87051
California,Merced,1,0,0,0,0,0,0,0,0,1,82409
California,Mission Viejo,1,0,0,0,0,0,0,0,0,1,98217
California,Modesto,4,0,0,0,0,0,0,2,0,2,210794
California,Montebello,0,1,0,0,0,0,1,0,0,0,64280
California,Monterey Park,2,1,1,0,0,0,3,0,1,0,61750
California,Moorpark,0,1,0,0,0,0,0,0,0,1,35804
California,Moreno Valley,0,0,1,0,0,0,0,0,0,1,205182
California,Napa,1,0,0,0,0,0,0,1,0,0,80749
California,National City,1,0,0,0,0,0,0,1,0,0,60768
California,Newark,0,1,0,0,0,0,0,0,0,1,45258
California,Newport Beach,1,1,0,0,0,0,2,0,0,0,87749
California,Norwalk,3,0,0,0,0,0,2,0,1,0,107470
California,Oakland,6,3,8,0,0,1,2,9,6,1,419481
California,Oceanside,1,1,0,0,0,0,0,0,1,1,176319
California,Ontario,0,1,1,0,0,0,0,0,0,2,170274
California,Orange,1,2,0,0,0,0,0,1,2,0,140572
California,Oxnard,7,0,0,0,0,0,0,4,3,0,207221
California,Palmdale,2,0,0,0,0,0,1,0,1,0,159613
California,Palm Desert,0,1,0,0,0,0,1,0,0,0,51847
California,Palm Springs,0,0,3,0,0,0,0,2,0,1,47388
California,Palo Alto,3,0,0,0,0,0,0,1,1,1,67560
California,Paramount,2,0,0,0,0,0,1,1,0,0,55727
California,Pasadena,0,0,2,0,0,0,0,0,1,1,141815
California,Placentia,1,0,0,1,0,0,0,2,0,0,52753
California,Pleasant Hill,1,0,0,0,0,0,0,1,0,0,34829
California,Port Hueneme,1,0,0,0,0,0,1,0,0,0,22249
California,Rancho Cucamonga,4,0,0,0,0,0,2,1,0,1,176376
California,Rancho Palos Verdes,1,1,0,0,0,0,0,0,2,0,42993
California,Redding,6,3,2,0,0,0,1,4,2,4,92020
California,Redlands,2,0,0,0,0,0,0,1,0,1,71078
California,Redondo Beach,1,0,0,0,0,0,0,1,0,0,68492
California,Rialto,1,0,0,0,0,0,0,1,0,0,103590
California,Richmond,1,0,0,0,0,0,0,0,0,1,109716
California,Riverside,3,4,0,0,0,0,0,0,5,2,323064
California,Roseville,1,1,0,0,0,0,0,2,0,0,131039
California,Sacramento,3,0,4,0,0,1,1,4,2,1,489717
California,Salinas,1,0,1,0,0,1,0,0,2,1,158185
California,San Bernardino,3,0,1,0,0,0,1,2,1,0,216477
California,San Diego,14,7,12,0,0,3,10,9,6,11,1400467
California,San Dimas,1,0,0,0,0,0,0,1,0,0,34955
California,San Francisco,10,6,9,0,0,3,8,11,7,2,863782
California,San Jacinto,1,0,0,0,0,0,0,1,0,0,47022
California,San Jose,3,2,1,0,0,0,2,1,0,3,1031458
California,San Juan Capistrano,0,1,0,0,0,0,0,1,0,0,36666
California,San Leandro,2,1,0,0,0,0,1,0,1,1,90438
California,San Marino,1,0,0,0,0,0,0,0,1,0,13491
California,San Mateo,0,1,1,0,0,0,0,0,0,2,104306
California,Santa Ana,2,5,2,0,0,1,2,3,5,0,337304
California,Santa Barbara,0,0,1,0,0,0,0,1,0,0,91877
California,Santa Clarita,2,1,1,0,0,0,2,1,0,1,211132
California,Santa Cruz,4,1,0,0,0,1,2,1,1,2,64076
California,Santa Monica,0,0,1,0,0,1,0,0,2,0,93796
California,Santa Rosa,1,0,1,0,0,0,1,0,0,1,175738
California,Santee,0,0,1,0,0,0,0,0,1,0,57934
California,Scotts Valley,1,0,0,0,0,0,0,0,1,0,11926
California,Seaside,1,0,0,0,0,0,0,1,0,0,34459
California,Selma,0,1,0,0,0,0,0,0,1,0,24532
California,Simi Valley,4,1,0,0,0,0,1,1,1,2,127472
California,Sonoma,1,1,0,0,0,0,0,1,1,0,11107
California,Sonora,0,0,1,0,0,0,0,1,0,0,4779
California,South Gate,0,2,0,0,0,0,0,0,0,2,96775
California,Stockton,1,1,1,0,0,1,1,0,1,2,304890
California,Temecula,1,0,0,0,0,0,0,0,1,0,111673
California,Thousand Oaks,0,2,0,0,0,0,0,1,1,0,129976
California,Torrance,0,1,0,0,0,0,0,1,0,0,149243
California,Tracy,2,1,0,0,0,0,0,1,2,0,86477
California,Turlock,3,2,1,0,0,0,1,1,1,3,71895
California,Upland,1,0,0,0,0,0,0,0,1,0,76581
California,Ventura,2,0,2,0,0,0,1,1,2,0,110077
California,Victorville,0,0,1,0,0,1,1,1,0,0,123332
California,Visalia,2,0,1,0,0,0,1,1,0,1,130405
California,Vista,2,0,1,0,0,0,0,0,3,0,99097
California,Walnut Creek,1,2,1,0,0,0,2,0,1,1,68530
California,West Covina,2,0,0,0,0,0,2,0,0,0,109030
California,West Hollywood,3,0,3,0,0,0,2,1,2,1,36256
California,Westminster,0,1,1,0,0,0,0,1,1,0,92640
California,"California State Polytechnic University, San Luis Obispo",1,1,0,0,0,0,0,0,0,2,20186
California,California State University:,0,0,0,0,0,0,0,0,0,0,1000000
California,Dominguez Hills,1,0,0,0,0,0,0,0,0,1,14687
California,Fullerton,0,0,0,0,0,1,1,0,0,0,38128
California,Northridge,1,0,0,0,0,0,0,0,1,0,40131
California,San Jose,1,0,0,0,0,1,1,0,0,1,32713
California,Humboldt State University,1,1,1,0,0,0,0,1,1,1,8485
California,San Diego State University,1,1,0,0,0,0,0,0,1,1,33483
California,University of California:,0,0,0,0,0,0,0,0,0,0,1000000
California,Berkeley,0,2,0,0,0,0,1,0,1,0,37565
California,Davis,2,3,0,0,0,0,0,1,3,1,34508
California,Los Angeles,5,0,2,0,0,0,3,1,2,1,41845
California,Santa Cruz,0,0,1,0,0,0,1,0,0,0,17866
California,Ventura County Community College District,1,0,0,0,0,0,0,0,1,0,33956
California,Kern,2,0,2,0,0,0,0,2,1,1,1000000
California,Kings,0,0,1,0,0,0,0,0,0,1,1000000
California,Los Angeles,16,2,9,1,0,0,4,12,8,4,1000000
California,Marin,0,1,0,0,0,0,1,0,0,0,1000000
California,Orange,1,1,0,0,0,0,1,0,0,1,1000000
California,Placer,0,3,0,0,0,0,0,0,3,0,1000000
California,Riverside,1,1,1,0,0,0,0,2,0,1,1000000
California,Sacramento,6,2,0,0,0,0,2,2,3,1,1000000
California,San Bernardino,5,0,1,0,0,0,2,0,2,2,1000000
California,San Diego,8,4,3,0,0,0,4,4,3,4,1000000
California,San Joaquin,0,2,1,0,0,0,0,0,1,2,1000000
California,San Luis Obispo,1,0,1,0,0,0,1,0,1,0,1000000
California,San Mateo,2,0,1,0,0,0,0,0,1,2,1000000
California,Santa Clara,0,1,0,1,0,0,0,1,1,0,1000000
California,Sonoma,1,1,0,0,0,0,0,0,0,2,1000000
California,Stanislaus,0,0,1,0,0,0,1,0,0,0,1000000
California,Ventura,0,0,1,0,0,0,0,1,0,0,1000000
California,Amador,1,1,0,0,0,0,0,2,0,0,1000000
California,Calaveras,0,0,1,0,0,0,0,0,0,1,1000000
California,Colusa,1,0,0,0,0,0,0,1,0,0,1000000
California,Del Norte,0,0,0,1,0,0,0,0,0,1,1000000
California,Lake,1,0,1,0,0,0,0,1,1,0,1000000
California,Mendocino,1,0,0,0,0,0,1,0,0,0,1000000
California,Nevada,2,0,0,0,0,0,0,0,2,0,1000000
California,"East Bay Regional Parks, Alameda County",0,1,0,0,0,0,0,0,0,1,1000000
California,Los Angeles Transportation Services Bureau,10,1,5,0,1,0,7,7,2,1,1000000
California,Port of San Diego Harbor,0,1,0,0,0,0,0,0,0,1,1000000
California,San Francisco Bay Area Rapid Transit: ,0,0,0,0,0,0,0,0,0,0,1000000
California,Alameda County,2,1,0,0,0,0,1,2,0,0,1000000
California,Contra Costa County,1,1,0,0,0,0,1,0,1,0,1000000
California,San Francisco County,1,0,0,0,0,0,0,1,0,0,1000000
California,San Mateo County,1,1,0,0,0,0,1,0,0,1,1000000
Colorado,Arvada,1,0,1,0,0,0,1,0,1,0,115379
Colorado,Aspen,1,0,0,0,0,0,0,0,0,1,6841
Colorado,Aurora,4,1,1,0,0,0,0,2,2,2,360237
Colorado,Basalt,1,0,0,0,0,0,0,0,1,0,3937
Colorado,Boulder,1,0,0,0,0,0,1,0,0,0,106823
Colorado,Breckenridge,1,0,0,0,0,0,0,1,0,0,4804
Colorado,Castle Rock,1,0,0,0,0,0,0,0,1,0,57699
Colorado,Centennial,1,0,0,0,0,0,0,1,0,0,108846
Colorado,Colorado Springs,5,1,2,0,0,0,2,2,3,1,452410
Colorado,Craig,1,0,0,0,0,0,0,1,0,0,8698
Colorado,Denver,8,2,9,1,0,0,3,8,6,3,682418
Colorado,Durango,1,0,1,0,0,0,0,2,0,0,18095
Colorado,Englewood,0,0,1,0,0,0,0,0,1,0,33037
Colorado,Fort Collins,3,0,1,0,0,0,1,1,2,0,159629
Colorado,Glenwood Springs,2,0,0,0,0,0,0,1,0,1,9914
Colorado,Golden,1,0,0,0,0,0,1,0,0,0,20448
Colorado,Grand Junction,1,0,1,0,0,0,0,1,1,0,60508
Colorado,Greeley,1,0,0,0,0,0,0,0,1,0,99993
Colorado,Greenwood Village,2,1,0,0,0,0,1,1,0,1,15760
Colorado,La Junta,1,0,0,0,0,0,0,1,0,0,6926
Colorado,Littleton,0,1,0,0,0,0,0,1,0,0,45363
Colorado,Longmont,2,0,0,0,0,0,1,0,1,0,91222
Colorado,Loveland,0,1,0,0,0,1,0,0,1,1,74139
Colorado,Pueblo,5,2,2,0,0,0,3,2,0,4,108810
Colorado,Sterling,1,0,0,0,0,0,1,0,0,0,14574
Colorado,Trinidad,0,0,0,1,0,0,0,1,0,0,7995
Colorado,Walsenburg,2,0,0,0,0,0,0,1,1,0,2861
Colorado,Auraria Higher Education Center2,0,1,0,0,0,0,1,0,0,0,1000000
Colorado,University of Colorado:,0,0,0,0,0,0,0,0,0,0,1000000
Colorado,Boulder,1,0,0,0,0,0,0,1,0,0,32432
Colorado,Colorado Springs,1,0,0,0,0,0,0,0,0,1,11761
Colorado,Adams,1,0,0,0,0,0,0,0,1,0,1000000
Colorado,Arapahoe,5,3,0,1,0,0,1,1,3,4,1000000
Colorado,Boulder,2,1,0,0,0,1,0,1,3,0,1000000
Colorado,El Paso,1,0,0,0,0,0,0,1,0,0,1000000
Colorado,Jefferson,0,0,0,0,0,1,0,1,0,0,1000000
Colorado,Larimer,1,0,1,0,0,0,1,1,0,0,1000000
Colorado,Mesa,1,0,0,0,0,0,0,1,0,0,1000000
Colorado,Pueblo,1,0,0,0,0,0,0,1,0,0,1000000
Colorado,Weld,2,0,0,0,0,0,0,0,2,0,1000000
Colorado,Garfield,1,1,0,0,0,0,0,2,0,0,1000000
Colorado,La Plata,0,1,0,0,0,0,1,0,0,0,1000000
Colorado,Pitkin,1,0,0,0,0,0,1,0,0,0,1000000
Connecticut,Bethel,1,0,0,0,0,0,0,0,0,1,19560
Connecticut,Bloomfield,0,2,0,0,0,0,0,0,2,0,20901
Connecticut,Bridgeport,5,0,1,0,0,0,1,3,1,1,148313
Connecticut,Bristol,1,0,1,0,0,0,0,1,0,1,60593
Connecticut,Cheshire,1,0,0,0,0,0,0,1,0,0,29245
Connecticut,Danbury,2,1,0,1,0,0,1,1,1,1,84404
Connecticut,Derby,1,0,0,0,0,0,0,0,1,0,12735
Connecticut,Groton Town,0,1,0,0,0,0,0,1,0,0,30387
Connecticut,Guilford,2,0,0,0,0,0,0,0,0,2,22421
Connecticut,Hartford3,1,1,1,0,0,0,0,1,1,0,124553
Connecticut,Manchester,1,1,1,0,0,0,0,1,0,2,58070
Connecticut,Meriden,1,0,0,1,0,0,0,1,1,0,60149
Connecticut,Middletown,3,0,1,0,0,0,0,1,1,2,46894
Connecticut,New Britain,1,0,0,0,0,0,0,0,1,0,72788
Connecticut,New Haven,7,0,1,0,0,0,1,4,2,1,130403
Connecticut,Newington,1,0,0,0,0,0,0,0,0,1,30714
Connecticut,New London,1,0,0,0,0,0,0,0,0,1,27312
Connecticut,New Milford,1,0,0,0,0,0,1,0,0,0,27317
Connecticut,North Branford,0,1,0,0,0,0,1,0,0,0,14300
Connecticut,North Haven,1,0,0,0,0,0,0,0,1,0,23865
Connecticut,Norwalk,1,0,0,0,0,0,1,0,0,0,88692
Connecticut,Old Saybrook,1,0,0,0,0,0,1,0,0,0,10213
Connecticut,Plainfield,1,0,0,0,0,0,0,1,0,0,15071
Connecticut,Redding,0,1,0,0,0,0,0,0,1,0,9344
Connecticut,Simsbury,0,1,0,0,0,0,0,0,0,1,24093
Connecticut,Southington,1,0,0,0,0,0,0,0,1,0,43979
Connecticut,Stamford,7,2,0,1,0,0,2,1,2,5,129682
Connecticut,Stonington,1,0,0,0,0,0,1,0,0,0,18505
Connecticut,Stratford,2,0,0,0,0,0,1,0,1,0,53058
Connecticut,Suffield,1,0,0,0,0,0,0,0,1,0,15823
Connecticut,Torrington,3,1,0,0,0,0,0,1,0,3,34910
Connecticut,Trumbull,1,1,1,0,0,0,0,0,1,2,36708
Connecticut,Vernon,1,0,0,0,0,0,1,0,0,0,29079
Connecticut,Wallingford,1,0,0,0,0,0,0,0,1,0,45054
Connecticut,Waterford,1,1,0,0,0,0,0,0,0,2,19407
Connecticut,West Hartford,1,0,0,0,0,0,1,0,0,0,63301
Connecticut,West Haven,1,0,1,0,0,0,0,1,0,1,54741
Connecticut,Westport,0,1,0,1,0,0,1,1,0,0,27848
Connecticut,Winchester,1,2,0,0,0,0,2,0,0,1,10855
Connecticut,Windsor,1,0,0,0,0,0,1,0,0,0,29063
Connecticut,Central Connecticut State University,2,0,0,0,0,0,1,0,1,0,12037
Connecticut,"University of Connecticut, Storrs, Avery Point and Hartford2",1,0,0,0,0,0,0,0,1,0,1000000
Connecticut,Western Connecticut State University,2,0,0,0,0,0,1,0,0,1,5952
Connecticut,Connecticut State Police,0,2,1,0,0,0,1,0,1,1,524558
Delaware,Laurel,1,0,0,0,0,0,0,0,1,0,4051
Delaware,Milford,1,0,0,0,0,0,0,0,0,1,10331
Delaware,Milton,1,0,0,0,0,0,1,0,0,0,2805
Delaware,Wilmington,2,0,0,0,0,0,1,0,0,1,72078
Delaware,New Castle County Police Department,3,0,0,0,0,0,1,1,0,1,1000000
Delaware,"State Police, Sussex County",0,2,0,0,0,0,0,2,0,0,1000000
Delaware,Park Rangers,1,0,0,0,0,0,0,1,0,0,1000000
District of Columbia,Washington,22,5,27,0,0,10,13,13,18,20,672228
District of Columbia,Metro Transit Police,1,0,0,0,0,0,0,1,0,0,1000000
Florida,Clearwater,2,0,0,0,0,0,0,2,0,0,111316
Florida,Coral Springs,0,1,0,0,0,0,0,0,1,0,129631
Florida,Daytona Beach Shores,1,0,0,0,0,0,0,0,1,0,4336
Florida,Deland,0,1,0,0,0,0,0,0,1,0,29773
Florida,Fort Myers,0,0,1,0,0,0,0,0,1,0,73218
Florida,Gainesville,2,0,1,0,0,0,0,0,2,1,129410
Florida,Melbourne,0,1,0,0,0,0,0,1,0,0,79032
Florida,Miami Beach,2,6,3,0,0,1,6,1,1,4,92641
Florida,Miami Gardens,6,0,0,0,0,0,4,1,0,1,113469
Florida,New Port Richey,0,0,1,0,0,0,0,1,0,0,15688
Florida,North Miami,0,0,1,0,0,0,0,1,0,0,62010
Florida,North Palm Beach,0,1,0,0,0,0,0,0,0,1,12597
Florida,North Port,1,0,0,0,0,0,1,0,0,0,61148
Florida,Ocala,1,0,0,0,0,0,1,0,0,0,57891
Florida,Palm Bay,3,0,1,0,0,0,1,2,1,0,106469
Florida,Pembroke Pines,0,2,0,0,0,0,0,0,1,1,167266
Florida,Port St. Lucie,1,0,0,0,0,0,0,1,0,0,176364
Florida,South Daytona,1,0,0,0,0,0,0,0,1,0,12435
Florida,Tallahassee,0,0,1,0,0,0,0,1,0,0,189709
Florida,Venice,1,0,0,0,0,0,0,0,1,0,21980
Florida,West Palm Beach,0,1,0,0,0,0,1,0,0,0,104919
Florida,Winter Garden,0,0,1,0,0,0,0,0,0,1,39783
Florida,"University of South Florida, Tampa",1,0,0,0,0,0,1,0,0,0,41938
Florida,Charlotte,1,0,0,0,0,0,0,0,0,1,1000000
Florida,Clay,3,0,0,0,0,0,0,1,1,1,1000000
Florida,Collier,1,0,1,0,0,0,0,1,1,0,1000000
Florida,Escambia,2,0,0,0,0,0,1,0,0,1,1000000
Florida,Lake,1,0,0,0,0,0,0,0,1,0,1000000
Florida,Orange,2,0,1,0,0,0,0,1,0,2,1000000
Florida,Osceola,1,0,0,0,0,0,0,0,0,1,1000000
Florida,Pasco,1,0,1,0,0,0,0,2,0,0,1000000
Florida,Pinellas,0,0,1,0,0,0,0,0,0,1,1000000
Florida,Seminole,1,0,0,0,0,0,0,1,0,0,1000000
Florida,St. Johns,2,0,0,0,0,0,0,2,0,0,1000000
Florida,Volusia,6,0,0,0,0,0,1,2,2,1,1000000
Florida,Walton,1,0,0,0,0,0,0,1,0,0,1000000
Georgia,Athens-Clarke County,0,0,1,0,0,0,1,0,0,0,120858
Georgia,Atlanta,2,0,2,0,0,0,0,4,0,0,464710
Georgia,Georgia Institute of Technology,1,1,0,0,0,0,0,0,1,1,23109
Georgia,University of Georgia,2,0,1,0,0,0,2,1,0,0,35197
Georgia,Cobb County Police Department,23,4,3,0,0,0,5,8,13,4,1000000
Georgia,Gwinnett County Police Department,1,0,0,0,0,0,0,0,1,0,1000000
Georgia,Henry County Police Department,3,0,0,0,0,0,0,1,1,1,1000000
Idaho,Boise,1,2,2,0,0,0,1,1,2,1,218844
Idaho,Caldwell,1,0,0,0,0,0,1,0,0,0,51206
Idaho,Coeur d'Alene,1,0,0,0,0,0,1,0,0,0,48871
Idaho,Garden City,0,0,1,0,0,0,0,1,0,0,11533
Idaho,Grangeville,0,0,1,0,0,0,0,0,1,0,3139
Idaho,Kimberly,1,0,0,1,0,0,1,0,1,0,3570
Idaho,Nampa,1,0,0,0,0,0,1,0,0,0,89875
Idaho,Osburn,1,0,0,0,0,0,0,1,0,0,1493
Idaho,Pocatello,1,1,0,0,0,0,0,0,1,1,54286
Idaho,Post Falls,1,0,0,0,0,0,0,0,0,1,30461
Idaho,Rexburg,0,1,0,0,0,0,0,1,0,0,27499
Idaho,Shoshone,0,0,1,0,0,0,1,0,0,0,1500
Idaho,Spirit Lake,0,0,1,0,0,0,1,0,0,0,2067
Idaho,St. Maries,1,0,0,0,0,0,0,1,0,0,2334
Idaho,Twin Falls,0,1,0,1,0,0,0,0,0,2,47048
Idaho,Canyon,0,1,0,0,0,0,0,1,0,0,1000000
Idaho,Kootenai,3,0,0,0,0,0,2,1,0,0,1000000
Idaho,Cassia,1,0,0,0,0,0,0,0,0,1,1000000
Idaho,Elmore,1,6,0,0,0,0,0,7,0,0,1000000
Illinois,Addison,0,0,1,0,0,0,0,1,0,0,37370
Illinois,Aurora,1,0,0,0,0,0,1,0,0,0,201034
Illinois,Beecher,1,0,0,0,0,0,1,0,0,0,4483
Illinois,Belleville,1,0,0,0,0,0,0,0,1,0,42150
Illinois,Berwyn,1,0,1,0,0,0,0,0,2,0,56697
Illinois,Bloomington,1,0,0,0,0,0,0,1,0,0,79233
Illinois,Centralia,1,0,0,0,0,0,0,0,1,0,12669
Illinois,Champaign,1,0,0,0,0,0,0,1,0,0,85362
Illinois,Chicago,19,8,10,0,0,1,6,10,14,8,2728695
Illinois,Chicago Ridge,1,0,0,0,0,0,1,0,0,0,14463
Illinois,Danville,1,0,0,0,0,0,0,1,0,0,32056
Illinois,De Kalb,1,0,1,0,0,0,1,0,1,0,44046
Illinois,Des Plaines,0,0,0,0,0,1,0,0,1,0,59078
Illinois,Elgin,1,0,0,0,0,0,0,1,0,0,111832
Illinois,Evanston,0,1,0,0,0,0,1,0,0,0,75930
Illinois,Geneseo,1,0,0,0,0,0,0,1,0,0,6517
Illinois,Glenview,1,0,0,0,0,0,0,1,0,0,47292
Illinois,Grayslake,0,1,0,0,0,0,1,0,0,0,21048
Illinois,Lombard,1,0,0,0,0,0,0,0,0,1,44008
Illinois,Macomb,1,0,0,0,0,0,0,1,0,0,18859
Illinois,Marissa,1,0,0,0,0,0,0,0,1,0,1859
Illinois,Monmouth,2,0,0,0,0,0,0,0,1,1,9548
Illinois,Moweaqua,1,0,0,0,0,0,1,0,0,0,1764
Illinois,Normal,2,0,1,0,0,0,1,0,1,1,55096
Illinois,North Chicago,3,0,0,0,0,0,0,0,1,2,29898
Illinois,North Riverside,1,0,0,0,0,0,0,1,0,0,6703
Illinois,Oak Forest,1,0,0,0,0,0,0,1,0,0,28222
Illinois,Orland Park,1,0,0,0,0,0,0,0,1,0,59161
Illinois,Rantoul,1,0,0,0,0,0,0,1,0,0,13138
Illinois,Rockford,2,0,0,0,0,0,1,0,1,0,148178
Illinois,Rolling Meadows,1,0,0,0,0,0,1,0,0,0,24321
Illinois,Round Lake Park,1,0,0,0,0,0,0,1,0,0,7350
Illinois,Schaumburg,0,1,0,0,0,0,1,0,0,0,75050
Illinois,Silvis,1,0,0,0,0,0,0,1,0,0,7529
Illinois,Skokie,1,0,0,0,0,0,0,0,0,1,65184
Illinois,Springfield,2,0,0,0,0,0,2,0,0,0,116875
Illinois,Tuscola,0,0,1,0,0,0,0,1,0,0,4458
Illinois,Urbana,1,0,0,0,1,0,2,0,0,0,42169
Illinois,Wheeling,1,0,0,0,0,0,0,0,1,0,38092
Illinois,Northern Illinois University,0,0,1,0,0,0,0,0,0,1,20611
Illinois,Champaign,1,0,0,0,0,0,0,1,0,0,1000000
Illinois,DuPage,1,0,0,0,0,0,0,1,0,0,1000000
Illinois,Sangamon,0,1,0,0,0,0,0,0,1,0,1000000
Indiana,Bloomington3,6,2,3,0,0,0,2,1,6,1,84015
Indiana,Fort Wayne,1,0,0,0,0,0,0,0,1,0,259712
Indiana,Hammond,2,0,0,0,0,0,0,2,0,0,77803
Indiana,Indianapolis,15,4,7,0,0,0,7,5,6,8,863675
Indiana,Muncie,1,1,1,0,0,0,1,1,0,1,70217
Indiana,Plainfield,1,0,0,0,0,0,0,0,0,1,31123
Indiana,Shelbyville,0,0,1,0,0,0,0,1,0,0,19176
Indiana,South Bend,6,0,0,0,0,0,2,3,0,1,101240
Indiana,Indiana University:,0,0,0,0,0,0,0,0,0,0,1000000
Indiana,Bloomington3,2,0,1,0,0,0,0,0,2,0,46416
Indiana,Indianapolis,1,0,0,0,0,0,0,0,0,1,30690
Indiana,Clark3,0,1,0,0,1,0,0,0,1,0,1000000
Indiana,Morgan3,1,1,0,0,0,0,0,0,0,1,1000000
Indiana,State Police:,0,0,0,0,0,0,0,0,0,0,1000000
Indiana,Decatur County,1,0,1,0,0,0,1,0,0,1,1000000
Indiana,Miami County,1,0,0,0,0,0,1,0,0,0,1000000
Indiana,Ripley County,1,0,0,0,0,0,0,1,0,0,1000000
Indiana,Rush County,2,0,0,0,0,0,1,1,0,0,1000000
Indiana,Scott County,1,0,0,0,0,0,1,0,0,0,1000000
Indiana,Wayne County,1,0,0,0,0,0,0,0,0,1,1000000
Iowa,Cedar Rapids,0,1,0,0,0,0,0,1,0,0,129863
Iowa,Des Moines,1,0,0,0,0,0,0,0,0,1,210403
Iowa,De Witt,1,0,0,1,0,0,0,1,1,0,5236
Iowa,Iowa State University,1,0,0,0,0,0,0,0,0,1,34435
Iowa,Scott,0,0,1,0,0,0,0,0,1,0,1000000
Kansas,Baxter Springs,1,0,0,0,0,0,0,1,0,0,4035
Kansas,Clay Center,1,0,0,0,0,0,0,0,0,1,4136
Kansas,Colby,1,0,0,0,0,0,0,0,1,0,5381
Kansas,Derby,1,0,0,0,0,0,0,0,1,0,23430
Kansas,Dodge City,2,1,1,0,0,0,0,2,0,2,28271
Kansas,Elwood,1,0,0,0,0,0,0,0,1,0,1199
Kansas,Garden City,1,0,0,0,0,0,0,0,0,1,27059
Kansas,Great Bend,1,0,0,0,0,0,0,0,0,1,15800
Kansas,Hoisington,1,0,0,0,0,0,0,0,1,0,2654
Kansas,Hutchinson,2,1,0,0,0,0,1,2,0,0,41499
Kansas,Iola,1,0,0,0,0,0,1,0,0,0,5515
Kansas,Leavenworth,1,0,0,0,0,0,0,0,0,1,36154
Kansas,Liberal,1,0,0,0,0,0,0,0,1,0,21128
Kansas,Newton,2,1,0,0,0,0,0,1,2,0,19103
Kansas,Overland Park3,4,0,2,0,1,0,3,2,0,1,187240
Kansas,Salina,3,0,0,0,0,0,0,0,1,2,47874
Kansas,Topeka,1,0,0,0,0,0,0,0,0,1,127096
Kansas,Valley Center,0,1,0,0,0,0,0,1,0,0,7113
Kansas,Wichita,10,3,2,0,0,0,2,1,10,2,389824
Kansas,Winfield,1,0,0,0,0,0,0,0,1,0,12235
Kansas,Kansas State University,0,0,1,0,0,0,1,0,0,0,24766
Kansas,"University of Kansas, Medical Center2",1,0,0,0,0,0,0,0,0,1,1000000
Kansas,Riley County Police Department,0,0,1,0,0,0,0,1,0,0,1000000
Kansas,Sedgwick,1,0,0,0,0,0,0,1,0,0,1000000
Kansas,Shawnee,0,0,1,0,0,0,0,1,0,0,1000000
Kansas,Sumner,1,0,0,0,0,0,0,0,1,0,1000000
Kansas,Wyandotte,1,0,0,0,0,0,0,0,0,1,1000000
Kansas,Cowley,1,0,0,0,0,0,0,0,0,1,1000000
Kansas,Crawford,1,0,0,0,0,0,1,0,0,0,1000000
Kansas,Ellis,0,1,0,0,0,0,0,0,1,0,1000000
Kansas,Ford,1,0,0,0,0,0,1,0,0,0,1000000
Kansas,Gray,1,0,0,0,0,0,0,0,1,0,1000000
Kansas,Kansas Highway Patrol,1,0,0,0,0,0,1,0,0,0,1000000
Kansas,Blue Valley School District,1,0,0,0,0,0,0,1,0,0,1000000
Kentucky,Alexandria,0,1,0,0,0,0,0,1,0,0,8860
Kentucky,Anchorage,0,0,0,1,0,0,0,0,1,0,2422
Kentucky,Ashland,3,2,0,0,0,0,0,4,1,0,21232
Kentucky,Bardstown,2,0,0,0,0,0,0,0,0,2,13087
Kentucky,Benton,0,1,0,0,0,0,0,1,0,0,4309
Kentucky,Bowling Green,5,4,0,0,0,0,1,4,2,2,63346
Kentucky,Brownsville,0,0,1,0,0,0,0,0,0,1,824
Kentucky,Carrollton,1,0,0,0,0,0,0,0,1,0,3930
Kentucky,Corbin,1,0,0,0,0,0,0,0,1,0,7305
Kentucky,Covington,2,2,1,0,0,0,2,3,0,0,41056
Kentucky,Dawson Springs,0,0,2,0,0,0,0,2,0,0,2740
Kentucky,Dayton,2,0,0,0,0,0,0,1,1,0,5446
Kentucky,Erlanger,3,0,0,0,0,0,1,1,0,1,22774
Kentucky,Flemingsburg,0,1,0,0,0,0,0,1,0,0,2709
Kentucky,Florence,1,0,1,0,0,0,0,2,0,0,32357
Kentucky,Frankfort,2,3,0,0,0,0,2,1,2,0,27603
Kentucky,Franklin,1,0,0,0,0,0,1,0,0,0,8755
Kentucky,Georgetown,5,0,0,0,0,0,0,3,0,2,32273
Kentucky,Glasgow,2,1,0,0,0,0,1,0,0,2,14413
Kentucky,Henderson,2,1,1,0,0,0,0,0,2,2,28928
Kentucky,Independence,0,2,0,0,0,0,0,2,0,0,26773
Kentucky,Indian Hills,0,1,0,0,0,0,0,0,1,0,2965
Kentucky,La Grange,0,0,0,1,0,0,0,0,1,0,8625
Kentucky,Lexington,10,11,4,0,0,0,4,7,5,9,314077
Kentucky,Louisville Metro,9,1,3,0,0,0,4,1,4,4,680550
Kentucky,Lynnview,1,0,0,0,0,0,0,0,1,0,943
Kentucky,Mayfield,5,0,0,0,0,0,3,1,1,0,10141
Kentucky,Monticello,1,0,0,0,0,0,1,0,0,0,6072
Kentucky,Murray,0,2,0,0,0,0,0,1,0,1,18810
Kentucky,Newport,2,1,0,0,0,0,0,1,1,1,15413
Kentucky,Nicholasville,1,0,0,0,0,0,0,0,0,1,29351
Kentucky,Oak Grove,1,0,0,0,0,0,0,1,0,0,7515
Kentucky,Owensboro,3,1,1,0,0,0,1,1,1,2,58608
Kentucky,Owingsville,1,0,0,0,0,0,0,0,1,0,1597
Kentucky,Paducah,1,3,1,0,0,0,2,2,1,0,24968
Kentucky,Paris,1,0,0,0,0,0,0,0,1,0,9747
Kentucky,Pembroke,1,0,0,0,0,0,0,0,1,0,895
Kentucky,Princeton,2,0,1,0,0,0,0,1,2,0,6166
Kentucky,Scottsville,1,0,0,0,0,0,0,0,1,0,4373
Kentucky,Shepherdsville,2,1,0,0,0,0,0,1,1,1,11990
Kentucky,Shively,2,1,0,0,0,0,1,0,0,2,15733
Kentucky,Simpsonville,1,0,0,0,0,0,1,0,0,0,2695
Kentucky,Taylor Mill,2,0,0,0,0,0,0,0,0,2,6748
Kentucky,Taylorsville,0,1,0,0,0,0,0,0,1,0,796
Kentucky,Versailles,0,2,0,0,0,0,0,2,0,0,9105
Kentucky,West Buechel,0,1,0,0,0,0,1,0,0,0,1272
Kentucky,Winchester,1,0,1,0,0,0,0,0,0,2,18462
Kentucky,Eastern Kentucky University,1,0,0,0,0,0,0,1,0,0,16305
Kentucky,Murray State University,1,0,1,0,0,0,1,1,0,0,11207
Kentucky,Northern Kentucky University,1,0,0,0,0,0,1,0,0,0,15090
Kentucky,University of Kentucky,2,0,0,0,0,0,0,0,2,0,29203
Kentucky,University of Louisville,1,0,0,0,0,0,0,0,1,0,21561
Kentucky,Boone,1,0,0,0,0,1,0,0,2,0,1000000
Kentucky,Bracken,0,0,1,0,0,0,0,1,0,0,1000000
Kentucky,Bullitt,1,0,0,0,0,0,0,0,0,1,1000000
Kentucky,Campbell County Police Department,1,0,0,0,0,0,0,0,0,1,1000000
Kentucky,Larue,0,1,0,0,0,0,0,1,0,0,1000000
Kentucky,Meade,1,0,0,0,0,0,0,0,0,1,1000000
Kentucky,Scott,1,0,0,0,0,0,1,0,0,0,1000000
Kentucky,Shelby,1,0,0,0,0,0,0,1,0,0,1000000
Kentucky,Warren,3,0,0,0,0,0,1,0,1,1,1000000
Kentucky,Anderson,0,1,0,0,0,0,0,1,0,0,1000000
Kentucky,Ballard,1,0,0,0,0,0,0,0,0,1,1000000
Kentucky,Bell,1,0,0,0,0,0,0,1,0,0,1000000
Kentucky,Franklin,1,0,0,0,0,0,0,0,1,0,1000000
Kentucky,Graves,1,0,0,0,0,0,0,0,1,0,1000000
Kentucky,Grayson,1,0,0,0,0,0,0,0,0,1,1000000
Kentucky,Jackson,1,0,0,0,0,0,0,1,0,0,1000000
Kentucky,Laurel,1,0,0,0,0,0,0,1,0,0,1000000
Kentucky,Mason,1,0,0,0,0,0,0,1,0,0,1000000
Kentucky,Union,1,0,0,0,0,0,0,0,1,0,1000000
Kentucky,Webster,2,0,0,0,0,0,0,0,1,1,1000000
Kentucky,State Police:,0,0,0,0,0,0,0,0,0,0,1000000
Kentucky,Ashland,0,2,0,0,0,0,0,0,1,1,1000000
Kentucky,Bowling Green,1,0,0,0,0,0,1,0,0,0,1000000
Kentucky,Dry Ridge,0,1,0,0,0,0,0,0,1,0,1000000
Kentucky,Hazard,1,0,0,0,0,0,0,1,0,0,1000000
Kentucky,London,0,2,0,0,0,0,1,0,0,1,1000000
Kentucky,Madisonville,0,1,0,0,0,0,0,0,0,1,1000000
Kentucky,Mayfield,1,0,0,0,0,0,0,0,1,0,1000000
Kentucky,Morehead,1,0,0,0,0,0,0,1,0,0,1000000
Kentucky,Pikeville,0,1,0,0,0,0,0,0,1,0,1000000
Kentucky,Fayette County Schools,1,0,0,0,0,0,1,0,0,0,1000000
Kentucky,Jefferson County School District,2,0,0,0,0,0,1,0,0,1,1000000
Louisiana,Mamou,1,0,0,0,0,0,0,1,0,0,3173
Louisiana,Natchitoches,1,0,0,0,0,0,1,0,0,0,18350
Louisiana,New Orleans,2,0,3,0,0,0,0,1,2,2,393447
Louisiana,Shreveport,1,0,0,0,0,0,0,0,0,1,197592
Louisiana,Vinton,1,0,0,0,0,0,0,1,0,0,3353
Louisiana,Westlake,1,0,0,0,0,0,1,0,0,0,4625
Louisiana,Bossier,1,1,0,0,0,0,0,0,0,2,1000000
Louisiana,Calcasieu,0,9,1,0,0,0,3,2,3,2,1000000
Louisiana,East Feliciana,1,0,0,0,0,0,0,0,1,0,1000000
Louisiana,Jefferson,1,0,1,0,0,0,0,2,0,0,1000000
Louisiana,Lafourche,8,0,0,0,0,0,0,1,0,7,1000000
Louisiana,Ouachita,0,1,0,0,0,0,0,0,0,1,1000000
Louisiana,St. Charles,1,0,0,0,0,0,0,0,1,0,1000000
Louisiana,St. Helena,1,0,0,0,0,0,0,1,0,0,1000000
Louisiana,Madison,2,0,0,0,0,0,1,0,0,1,1000000
Maine,Augusta,2,0,2,0,0,0,1,0,1,2,18608
Maine,Brewer,1,0,0,0,0,0,0,1,0,0,9279
Maine,Islesboro,0,0,2,0,0,0,0,2,0,0,568
Maine,Lewiston,4,0,0,0,0,0,0,1,2,1,36232
Maine,Livermore Falls,1,0,0,0,0,0,0,1,0,0,3134
Maine,Old Orchard Beach,2,0,1,0,0,0,2,1,0,0,8790
Maine,Portland,1,5,1,0,0,0,0,1,1,5,66816
Maine,Saco,1,1,3,0,0,0,2,0,2,1,19146
Maine,Sanford,0,1,0,0,0,0,0,0,1,0,20936
Maine,Scarborough,1,1,0,0,0,0,0,1,1,0,19682
Maine,South Portland,1,1,2,0,0,0,0,3,1,0,25540
Maine,Topsham,1,0,0,0,0,0,0,0,1,0,8703
Maine,Sagadahoc,0,0,2,0,0,0,0,2,0,0,1000000
Maine,"State Police, Franklin County",1,0,0,0,0,0,0,0,0,1,1000000
Maryland,Baltimore,1,1,2,0,0,0,2,0,2,0,621252
Maryland,Bowie,0,0,1,0,0,0,1,0,0,0,58304
Maryland,Frederick,1,0,0,0,0,0,1,0,0,0,69162
Maryland,Greenbelt,1,0,2,0,0,0,0,0,2,1,24385
Maryland,Laurel,4,0,0,0,0,0,0,0,4,0,26406
Maryland,Towson University,0,1,0,0,0,0,1,0,0,0,22285
Maryland,Baltimore County Police Department,1,0,1,0,0,0,1,0,1,0,1000000
Maryland,Frederick,1,0,1,0,0,0,0,2,0,0,1000000
Maryland,Harford,1,0,0,0,0,0,1,0,0,0,1000000
Maryland,Montgomery County Police Department3,10,12,0,0,0,0,5,6,2,7,1000000
Maryland,"State Police, Carroll County",2,0,0,0,0,0,0,0,2,0,1000000
Massachusetts,Acton3,2,6,0,0,0,1,4,2,2,1,23573
Massachusetts,Agawam,0,0,2,0,0,0,0,0,2,0,28853
Massachusetts,Amesbury,2,0,0,0,0,0,0,1,0,1,16922
Massachusetts,Andover,1,0,1,0,0,0,0,2,0,0,35562
Massachusetts,Arlington,1,2,0,0,1,1,0,2,0,3,44873
Massachusetts,Attleboro,1,0,1,0,0,0,0,1,1,0,44079
Massachusetts,Barnstable,1,0,0,0,0,0,1,0,0,0,44392
Massachusetts,Bedford,1,0,0,0,0,0,0,0,1,0,14435
Massachusetts,Bellingham,1,0,0,0,0,0,1,0,0,0,16879
Massachusetts,Belmont,0,1,0,0,0,0,0,1,0,0,25692
Massachusetts,Beverly,0,1,0,0,0,0,0,0,0,1,41281
Massachusetts,Billerica,0,1,0,0,0,0,0,0,1,0,42762
Massachusetts,Boston3,81,14,46,0,1,6,28,40,40,31,665258
Massachusetts,Braintree,3,0,0,0,0,0,0,1,2,0,37772
Massachusetts,Brockton,0,0,0,1,0,0,0,0,0,1,95049
Massachusetts,Cambridge,10,7,2,0,0,0,3,7,4,5,110953
Massachusetts,Chicopee,2,0,1,0,0,0,0,1,2,0,55926
Massachusetts,Cohasset,0,0,0,0,1,0,1,0,0,0,8550
Massachusetts,Danvers3,2,2,1,0,1,0,0,3,1,1,27708
Massachusetts,Dracut,0,1,0,0,0,0,0,0,0,1,31486
Massachusetts,Easthampton,0,0,1,0,0,0,0,0,1,0,16033
Massachusetts,Everett,2,0,0,0,0,0,1,0,0,1,44898
Massachusetts,Falmouth,1,0,0,0,0,0,0,0,1,0,31666
Massachusetts,Granby,1,0,0,0,0,0,0,0,1,0,6357
Massachusetts,Haverhill,2,0,0,0,0,3,0,2,2,1,62895
Massachusetts,Hingham,1,0,0,0,0,1,0,0,1,1,23165
Massachusetts,Lowell,0,1,0,0,0,1,0,1,0,1,110819
Massachusetts,Ludlow,1,0,0,0,0,0,0,0,1,0,21510
Massachusetts,Lynn,7,2,1,1,1,7,1,7,9,2,92584
Massachusetts,Malden,1,1,1,0,0,5,2,1,3,2,61211
Massachusetts,Mansfield,0,3,0,0,0,0,0,2,1,0,23705
Massachusetts,Marblehead,0,1,0,0,0,0,0,0,1,0,20616
Massachusetts,Medford,5,1,1,0,2,0,1,3,4,1,57742
Massachusetts,Mendon,0,1,0,0,0,0,0,0,0,1,5991
Massachusetts,Methuen,2,0,0,0,0,0,0,1,1,0,49579
Massachusetts,Middleboro3,1,0,0,1,0,0,0,0,0,2,24357
Massachusetts,Milford,1,0,0,0,0,0,0,1,0,0,28553
Massachusetts,Milton,0,2,0,0,0,0,0,0,2,0,27449
Massachusetts,Montague,0,1,0,0,0,0,1,0,0,0,8300
Massachusetts,Nahant,1,0,0,0,0,0,0,1,0,0,3496
Massachusetts,Natick,0,0,1,0,0,0,1,0,0,0,36184
Massachusetts,Newton3,4,3,1,0,1,2,1,4,3,3,89053
Massachusetts,Northampton3,1,1,1,0,0,0,0,1,0,1,28534
Massachusetts,North Attleboro,0,0,0,0,1,0,0,0,0,1,28965
Massachusetts,Northbridge,0,1,0,0,0,0,0,0,1,0,16587
Massachusetts,Northfield,0,2,0,0,0,0,0,0,0,2,3008
Massachusetts,Norton,0,0,0,0,0,1,1,0,0,0,19464
Massachusetts,Palmer,1,0,0,0,0,0,0,1,0,0,12183
Massachusetts,Plymouth,3,2,0,0,0,0,1,0,1,3,58705
Massachusetts,Provincetown3,1,0,2,0,0,0,0,0,3,0,2989
Massachusetts,Quincy3,16,4,1,0,0,2,5,3,8,5,93671
Massachusetts,Randolph,1,0,0,0,0,0,0,0,1,0,33947
Massachusetts,Raynham,0,1,1,0,0,0,0,0,1,1,13772
Massachusetts,Reading,1,0,0,0,0,0,0,0,1,0,25705
Massachusetts,Rockport,0,1,0,0,0,0,0,0,0,1,7229
Massachusetts,Salem,3,1,3,0,0,0,3,1,2,1,43090
Massachusetts,Salisbury,1,0,0,0,0,0,0,0,1,0,8813
Massachusetts,Sherborn,0,1,0,0,0,0,1,0,0,0,4320
Massachusetts,Somerville3,3,0,1,0,1,1,2,0,2,2,79734
Massachusetts,Southborough,1,0,0,0,0,0,0,0,1,0,9989
Massachusetts,South Hadley,0,0,1,0,0,0,0,0,1,0,17684
Massachusetts,Springfield,4,0,3,0,0,0,1,2,2,2,154090
Massachusetts,Stoneham,3,1,0,0,0,1,0,0,3,2,22041
Massachusetts,Stoughton,0,0,1,0,0,0,0,0,1,0,28748
Massachusetts,Sutton,1,0,0,0,0,0,0,0,0,1,9264
Massachusetts,Swampscott,0,0,0,0,2,0,0,1,1,0,14071
Massachusetts,Taunton,0,0,1,0,3,10,6,2,5,1,56731
Massachusetts,Tisbury,1,0,0,0,0,0,0,0,0,1,4173
Massachusetts,Wakefield,0,1,0,0,0,0,0,1,0,0,27206
Massachusetts,Waltham,0,0,1,1,0,3,0,0,2,3,63590
Massachusetts,Wareham,1,0,0,0,0,0,1,0,0,0,22640
Massachusetts,Watertown,0,1,1,0,0,0,2,0,0,0,34701
Massachusetts,Woburn,1,0,0,0,0,0,1,0,0,0,39539
Massachusetts,Worcester,3,1,0,0,0,0,1,2,1,0,183377
Massachusetts,Bentley University,0,1,0,0,0,0,0,0,1,0,5565
Massachusetts,Boston University,3,1,1,0,0,0,1,1,2,1,32112
Massachusetts,Bristol Community College,1,0,0,0,0,0,1,0,0,0,9189
Massachusetts,Clark University,0,2,0,0,0,0,0,0,1,1,3423
Massachusetts,Emerson College,1,0,0,0,0,0,1,0,0,0,4545
Massachusetts,Endicott College,0,1,0,0,0,0,0,0,0,1,4429
Massachusetts,Framingham State University,0,1,0,0,0,0,0,0,1,0,6499
Massachusetts,Massachusetts Institute of Technology,3,0,0,0,0,0,2,1,0,0,11319
Massachusetts,Northeastern University,4,4,3,0,0,0,4,0,1,6,19798
Massachusetts,Springfield Technical Community College,1,0,0,0,0,0,0,1,0,0,6622
Massachusetts,Massachusetts General Hospital,1,2,0,0,0,0,0,1,1,1,1000000
Michigan,Adrian,1,0,0,0,0,0,0,0,1,0,20762
Michigan,Albion,0,3,1,0,1,0,1,0,0,4,8184
Michigan,Ann Arbor,3,3,2,0,0,0,3,1,3,1,118730
Michigan,Bangor,1,0,0,0,0,0,0,0,1,0,1852
Michigan,Battle Creek,2,0,0,0,0,0,0,1,1,0,61240
Michigan,Benton Harbor,1,0,0,0,0,0,0,1,0,0,10012
Michigan,Berkley,2,0,0,0,0,0,0,1,0,1,15349
Michigan,Blackman Township,1,0,0,0,0,0,0,0,0,1,37632
Michigan,Bloomfield Hills,1,0,0,0,0,0,0,0,0,1,4021
Michigan,Bloomfield Township,1,0,0,0,0,0,1,0,0,0,42190
Michigan,Cadillac,2,1,0,0,0,0,0,1,0,2,10329
Michigan,Calumet,1,0,0,0,0,0,0,0,1,0,703
Michigan,Canton Township,1,0,1,0,0,0,1,0,1,0,89628
Michigan,Cassopolis,1,0,0,0,0,0,0,0,1,0,1730
Michigan,Cheboygan,1,0,0,0,0,0,0,0,0,1,4760
Michigan,Chocolay Township,0,1,0,0,0,0,0,0,0,1,6003
Michigan,Clay Township,0,1,0,0,0,0,0,0,1,0,8861
Michigan,Clinton Township,1,0,1,1,0,0,0,1,1,1,99662
Michigan,Clio,1,0,0,0,0,0,0,1,0,0,2533
Michigan,Coleman,1,0,0,0,0,0,0,0,1,0,1203
Michigan,Dearborn,3,3,0,0,0,0,1,1,3,1,94962
Michigan,Decatur,1,0,0,0,0,0,1,0,0,0,1764
Michigan,Detroit,2,0,6,0,0,0,1,2,5,0,673225
Michigan,East Lansing,3,0,0,0,0,0,0,0,1,2,48668
Michigan,Elsie,1,0,0,0,0,0,1,0,0,0,981
Michigan,Ferndale,1,1,1,0,0,0,1,0,2,0,20345
Michigan,Flint,3,0,1,2,0,0,1,0,4,1,98221
Michigan,Flint Township,2,0,0,0,0,0,1,0,1,0,30654
Michigan,Fraser,1,1,0,0,0,0,0,1,1,0,14658
Michigan,Galesburg,13,0,0,0,0,0,4,5,1,3,2046
Michigan,Gaylord,1,0,0,0,0,0,0,0,1,0,3648
Michigan,Genesee Township,1,1,0,0,0,0,0,1,1,0,20540
Michigan,Gibraltar,1,0,0,0,0,0,0,0,1,0,4523
Michigan,Grand Haven,1,0,0,0,0,0,0,1,0,0,11108
Michigan,Grand Rapids,3,0,0,0,0,0,0,0,2,1,195268
Michigan,Grandville,2,0,0,0,0,0,1,1,0,0,15980
Michigan,Grosse Pointe Woods,0,0,1,0,0,0,0,0,0,1,15773
Michigan,Hamtramck,0,3,0,0,0,0,0,2,0,1,22030
Michigan,Highland Township,1,0,0,0,0,0,1,0,0,0,19856
Michigan,Hillsdale,3,0,0,0,0,0,2,0,0,1,8116
Michigan,Holland,1,0,1,0,0,0,2,0,0,0,33794
Michigan,Howell,1,0,0,0,0,0,0,1,0,0,9629
Michigan,Huron Township,0,0,0,1,0,0,0,0,1,0,15635
Michigan,Independence Township,1,1,0,0,0,0,0,1,0,1,36520
Michigan,Jackson,1,1,3,0,0,0,0,0,0,5,33126
Michigan,Keego Harbor,1,0,0,0,0,0,0,0,1,0,3040
Michigan,Kentwood,1,3,1,0,0,0,0,0,3,2,51287
Michigan,Kinde,1,0,0,0,0,0,1,0,0,0,432
Michigan,Lake Linden,1,0,0,0,0,0,1,0,0,0,990
Michigan,Lansing,2,0,3,0,0,0,1,1,1,2,114694
Michigan,Lansing Township,0,0,0,2,0,0,0,1,0,1,8109
Michigan,Lapeer,4,0,0,0,0,0,0,1,1,2,8747
Michigan,Lincoln Park,2,0,0,0,0,0,0,0,1,1,37027
Michigan,Marshall,0,2,0,0,0,0,2,0,0,0,7024
Michigan,Mason,2,0,0,0,0,0,0,0,2,0,8335
Michigan,Meridian Township,1,1,1,1,0,0,0,2,1,1,42304
Michigan,Milan,1,0,0,0,0,0,1,0,0,0,5978
Michigan,Milford,0,1,0,0,0,0,0,0,1,0,16676
Michigan,Monroe,5,0,1,0,0,0,1,0,5,0,20074
Michigan,Muskegon,3,0,1,0,0,0,0,2,2,0,38442
Michigan,Muskegon Township,1,0,0,0,0,0,0,1,0,0,17762
Michigan,Negaunee,1,0,0,0,0,0,0,0,0,1,4628
Michigan,Northfield Township,1,0,1,0,0,0,0,0,2,0,8675
Michigan,Northville Township,1,0,0,0,0,0,0,1,0,0,28897
Michigan,Oscoda Township,2,0,1,0,0,0,1,2,0,0,6856
Michigan,Owosso,3,0,0,0,0,0,0,1,0,2,14679
Michigan,Oxford Township,2,0,0,0,0,0,1,1,0,0,17989
Michigan,Pittsfield Township,0,0,1,0,0,0,0,0,1,0,38255
Michigan,Pleasant Ridge,0,0,1,0,0,0,0,0,1,0,2574
Michigan,Port Huron,6,0,0,0,0,0,0,0,1,5,28946
Michigan,Redford Township,1,0,0,0,0,0,0,1,0,0,47244
Michigan,Rochester,2,0,0,1,0,0,1,1,0,1,13067
Michigan,Rochester Hills,2,0,1,0,0,0,0,3,0,0,73660
Michigan,Romulus,1,0,0,0,0,0,0,0,1,0,23386
Michigan,Roseville,8,0,1,0,0,0,0,5,2,2,47673
Michigan,Royal Oak,2,1,0,0,0,0,1,2,0,0,59535
Michigan,Saginaw,1,0,1,0,0,0,0,0,0,2,49459
Michigan,Saline,0,0,1,0,0,0,1,0,0,0,9246
Michigan,Shelby Township,3,0,0,0,0,0,1,0,0,2,77636
Michigan,Southfield,5,1,1,0,0,0,2,4,1,0,73319
Michigan,St. Clair Shores,2,0,0,0,0,0,0,1,0,1,60116
Michigan,St. Joseph,2,0,0,0,0,0,0,0,0,2,8316
Michigan,Swartz Creek,1,0,0,0,0,0,0,0,0,1,5549
Michigan,Taylor,0,0,2,0,0,0,0,0,1,1,61250
Michigan,Traverse City,1,1,2,0,0,0,0,2,2,0,15137
Michigan,Trenton,2,0,0,0,0,0,0,1,1,0,18332
Michigan,Troy,3,1,0,0,0,0,0,3,0,1,83642
Michigan,Van Buren Township,1,0,0,0,0,0,0,0,1,0,28202
Michigan,Vassar,0,0,1,0,0,0,0,1,0,0,2611
Michigan,Warren3,13,2,2,2,0,0,4,5,4,6,135367
Michigan,Wayne,1,0,0,0,0,0,0,0,1,0,16977
Michigan,West Bloomfield Township,2,1,0,0,0,0,0,0,1,2,66274
Michigan,Westland,0,1,0,0,0,0,1,0,0,0,81917
Michigan,Wixom,1,0,0,0,0,0,0,0,1,0,13806
Michigan,Yale,1,0,0,0,0,0,0,0,1,0,1909
Michigan,Ypsilanti,2,0,0,0,0,0,0,2,0,0,20208
Michigan,Eastern Michigan University,0,0,1,0,0,0,0,0,0,1,22401
Michigan,Ferris State University,1,0,0,0,0,0,1,0,0,0,14600
Michigan,Michigan State University,1,1,1,0,0,0,1,2,0,0,50081
Michigan,"University of Michigan, Ann Arbor",1,1,0,0,0,0,0,1,0,1,43625
Michigan,Calhoun,1,0,0,0,0,0,0,0,1,0,1000000
Michigan,Eaton,2,0,1,0,0,0,0,1,0,2,1000000
Michigan,Genesee,0,1,0,0,0,0,0,1,0,0,1000000
Michigan,Kalamazoo,1,0,0,0,0,0,0,0,1,0,1000000
Michigan,Kent,1,1,1,0,0,0,1,1,1,0,1000000
Michigan,Lapeer,1,1,0,0,0,0,0,1,0,1,1000000
Michigan,Livingston,1,0,0,1,0,0,0,0,2,0,1000000
Michigan,Macomb,2,0,0,0,0,0,0,1,0,1,1000000
Michigan,Midland,1,0,0,0,0,0,0,0,1,0,1000000
Michigan,Monroe,1,1,0,0,0,0,1,1,0,0,1000000
Michigan,Montcalm,0,1,0,0,0,0,0,0,0,1,1000000
Michigan,Oakland,1,0,0,0,0,0,0,0,1,0,1000000
Michigan,Ottawa,2,0,0,0,0,0,0,1,1,0,1000000
Michigan,Van Buren,1,1,0,0,0,0,0,0,2,0,1000000
Michigan,Washtenaw,4,1,1,0,0,0,2,3,0,1,1000000
Michigan,Allegan,1,0,0,0,0,0,0,0,1,0,1000000
Michigan,Cheboygan,1,0,0,0,0,0,0,0,0,1,1000000
Michigan,Emmet,0,0,2,0,0,0,0,1,1,0,1000000
Michigan,Grand Traverse,2,1,1,0,0,0,0,2,2,0,1000000
Michigan,Ionia,1,0,0,0,0,0,0,0,0,1,1000000
Michigan,Missaukee,1,1,1,0,0,0,1,0,0,2,1000000
Michigan,Oceana,1,0,0,0,0,0,0,1,0,0,1000000
Michigan,State Police:,0,0,0,0,0,0,0,0,0,0,1000000
Michigan,Kent County,1,0,0,0,0,0,0,0,0,1,1000000
Michigan,Monroe County,1,0,0,0,0,0,0,0,1,0,1000000
Michigan,Montcalm County,0,1,0,0,0,0,0,0,0,1,1000000
Michigan,Oakland County,0,0,1,0,0,0,0,0,1,0,1000000
Michigan,Wayne County Airport,0,1,0,0,0,0,0,1,0,0,1000000
Minnesota,Blaine,1,0,0,0,0,0,1,0,0,0,62177
Minnesota,Brooklyn Park,5,1,2,0,0,0,1,4,0,3,79433
Minnesota,Coon Rapids,2,0,0,0,0,0,0,1,0,1,62256
Minnesota,Duluth,2,0,0,0,0,0,1,0,0,1,86241
Minnesota,Eagan,1,0,0,0,0,0,0,1,0,0,66549
Minnesota,Eden Prairie,1,0,0,0,0,0,1,0,0,0,63835
Minnesota,Hopkins,2,0,0,0,0,0,0,0,1,1,18167
Minnesota,Inver Grove Heights,1,0,0,0,0,0,0,1,0,0,34912
Minnesota,Mankato,10,1,0,0,0,0,0,5,5,1,40669
Minnesota,Maple Grove,1,1,1,0,0,0,0,1,1,1,68297
Minnesota,Maplewood,4,0,0,0,0,0,1,0,3,0,40742
Minnesota,Minneapolis,6,8,16,0,0,0,3,10,10,7,413479
Minnesota,Minnetonka,0,1,0,0,0,0,0,0,0,1,51921
Minnesota,Moorhead,0,0,1,0,0,0,0,0,1,0,40283
Minnesota,New Hope,1,0,0,0,0,0,0,0,0,1,20900
Minnesota,Plymouth,1,1,0,0,0,0,0,1,1,0,76192
Minnesota,Rochester,1,0,1,0,0,0,0,0,2,0,112542
Minnesota,Roseville,2,0,2,0,0,0,0,2,2,0,35729
Minnesota,Sartell,0,1,0,0,0,0,0,0,1,0,16648
Minnesota,Spring Lake Park,2,0,0,0,0,0,0,0,1,1,6476
Minnesota,St. Cloud,1,2,0,0,0,0,0,0,1,2,66498
Minnesota,St. Louis Park,1,2,1,0,0,0,0,3,1,0,48074
Minnesota,St. Paul,10,1,6,0,0,0,2,5,9,1,300721
Minnesota,Wadena,2,0,0,0,0,0,0,0,2,0,4107
Minnesota,Worthington,1,0,0,0,0,0,0,1,0,0,12969
Minnesota,Nicollet,0,1,0,0,0,0,0,0,1,0,1000000
Minnesota,Wright,0,0,1,0,0,0,0,0,0,1,1000000
Missouri,Columbia,3,1,0,0,0,0,0,1,2,1,118911
Missouri,Fredericktown,0,0,1,0,0,0,0,0,1,0,4078
Missouri,Gladstone,0,1,0,0,0,0,0,1,0,0,27141
Missouri,Independence,3,0,0,0,0,0,1,1,1,0,117639
Missouri,Joplin,1,0,0,0,0,0,0,0,1,0,51412
Missouri,Kansas City,28,8,4,1,0,1,6,7,14,15,473373
Missouri,Kirksville,1,0,1,0,0,0,0,0,1,1,17662
Missouri,Lee's Summit,2,0,0,0,0,0,0,1,0,1,94450
Missouri,Maryville,1,0,0,0,0,0,1,0,0,0,12009
Missouri,Overland,1,0,0,0,0,0,0,0,1,0,15967
Missouri,Pagedale,1,0,0,0,0,0,0,0,1,0,3310
Missouri,Rolla,2,0,0,0,0,0,0,2,0,0,19995
Missouri,Springfield,2,1,0,0,0,0,1,0,2,0,166860
Missouri,St. Joseph,1,0,1,0,0,0,0,1,0,1,77035
Missouri,St. Louis,7,1,0,0,0,0,1,1,3,3,317095
Missouri,St. Peters,0,0,0,0,0,1,0,0,0,1,56923
Missouri,University City,2,3,0,0,0,0,0,3,0,2,35058
Missouri,Warrenton,1,0,0,0,0,0,0,0,1,0,8109
Missouri,Northwest Missouri State University,1,0,0,0,0,0,0,1,0,0,6720
Missouri,"St. Louis Community College, Meramec",1,0,0,0,0,0,0,1,0,0,21218
Missouri,"University of Missouri, Columbia",2,4,0,0,0,0,1,1,1,3,35425
Missouri,St. Louis County Police Department,5,0,0,0,0,0,2,1,0,2,1000000
Missouri,Laclede,1,0,0,0,0,0,0,0,1,0,1000000
Missouri,Nodaway,1,0,0,0,0,0,0,1,0,0,1000000
Missouri,Schuyler,0,0,1,0,0,0,1,0,0,0,1000000
Missouri,Taney,1,0,0,0,0,0,0,0,1,0,1000000
Missouri,Worth,1,0,0,0,0,0,0,0,1,0,1000000
Missouri,"State Highway Patrol, Jefferson City",1,0,0,0,0,0,0,0,0,1,1000000
Montana,Billings,3,0,0,0,0,0,1,0,2,0,109997
Montana,Helena,0,5,0,0,0,0,0,3,1,1,30363
Montana,Kalispell,1,1,0,0,0,0,1,1,0,0,21932
Montana,Red Lodge,0,0,1,0,0,0,0,0,1,0,2237
Montana,Ronan City,1,0,0,0,0,0,0,1,0,0,1942
Montana,Sidney,1,0,0,0,0,0,0,0,1,0,6817
Montana,Stevensville,1,0,0,0,0,0,0,0,0,1,1925
Montana,Yellowstone,17,0,1,0,0,0,3,3,11,1,1000000
Montana,Flathead,0,2,0,0,0,0,0,1,1,0,1000000
Montana,Lewis and Clark,3,5,0,0,0,0,2,6,0,0,1000000
Montana,McCone,0,0,0,1,0,0,0,1,0,0,1000000
Montana,Rosebud,1,0,0,0,0,0,0,0,0,1,1000000
Montana,Stillwater,0,1,0,0,0,0,0,1,0,0,1000000
Nebraska,Lincoln,9,1,5,0,0,1,2,4,4,6,276585
Nebraska,Omaha,0,0,2,0,0,0,1,0,0,1,452252
Nebraska,"University of Nebraska, Lincoln",1,0,0,0,0,0,1,0,0,0,25006
Nevada,Henderson,7,1,0,0,0,0,2,2,3,1,282554
Nevada,Las Vegas Metropolitan Police Department3,22,4,15,0,0,0,6,14,12,9,1562134
Nevada,North Las Vegas,4,0,2,0,0,0,2,1,1,2,234386
Nevada,Reno,1,0,0,0,0,0,0,0,1,0,239721
Nevada,Truckee Meadows Community College,1,0,0,0,0,0,0,0,1,0,11106
Nevada,"University of Nevada, Las Vegas",1,0,0,0,0,0,0,0,0,1,28515
New Hampshire,Antrim,1,0,0,0,0,0,0,1,0,0,2659
New Hampshire,Barrington,1,0,0,0,0,0,0,1,0,0,8814
New Hampshire,Concord,3,0,0,0,0,0,0,1,0,2,42389
New Hampshire,Dublin,1,0,0,0,0,0,0,0,0,1,1560
New Hampshire,Epping,0,0,1,0,0,0,0,0,0,1,6880
New Hampshire,Exeter,1,1,0,0,0,0,0,2,0,0,14617
New Hampshire,Hampton,1,0,1,0,0,0,0,0,1,1,15280
New Hampshire,Hampton Falls,0,1,0,0,0,0,1,0,0,0,2314
New Hampshire,Manchester,0,1,0,0,0,0,0,0,0,1,110661
New Jersey,Aberdeen Township,6,0,2,0,0,0,3,1,0,4,18312
New Jersey,Bayonne,0,1,0,0,0,0,0,0,0,1,66582
New Jersey,Belleville,2,0,0,0,0,0,0,0,1,1,36452
New Jersey,Bloomingdale,1,0,0,0,0,0,0,0,1,0,8299
New Jersey,Boonton,1,0,0,0,0,0,0,0,1,0,8427
New Jersey,Bordentown Township,3,0,0,0,0,0,1,0,2,0,11662
New Jersey,Bound Brook,1,0,0,0,0,0,0,0,1,0,11300
New Jersey,Bridgewater Township,0,0,1,0,0,0,1,0,0,0,44996
New Jersey,Butler,0,1,0,0,0,0,1,0,0,0,7719
New Jersey,Chatham,1,0,0,0,0,0,1,0,0,0,9039
New Jersey,Chatham Township,1,0,0,0,0,0,0,0,0,1,10654
New Jersey,Clifton,1,0,0,0,0,0,0,0,0,1,86224
New Jersey,Collingswood,1,0,0,0,0,0,0,0,1,0,13948
New Jersey,Colts Neck Township,0,1,0,0,0,0,0,0,0,1,10045
New Jersey,Delran Township,4,0,0,0,0,0,2,1,0,1,16745
New Jersey,Eastampton Township,0,1,0,0,0,0,0,0,0,1,6053
New Jersey,East Brunswick Township,5,3,0,0,0,0,3,3,0,2,48625
New Jersey,East Hanover Township,1,0,0,0,0,0,0,0,0,1,11317
New Jersey,East Windsor Township,2,1,0,0,0,0,1,2,0,0,27569
New Jersey,Edison Township,1,1,0,0,0,0,1,0,1,0,102281
New Jersey,Egg Harbor Township,1,0,0,0,0,0,0,0,1,0,43965
New Jersey,Englewood,1,1,1,0,0,0,1,0,1,1,27752
New Jersey,Evesham Township,5,1,1,1,0,0,3,0,2,3,45586
New Jersey,Ewing Township,0,1,0,0,0,0,1,0,0,0,36668
New Jersey,"Fairfield Township, Essex County",0,1,0,0,0,0,0,0,0,1,7559
New Jersey,Florham Park,0,1,0,0,0,0,0,1,0,0,11852
New Jersey,"Franklin Township, Somerset County",2,0,0,0,0,0,0,1,1,0,66831
New Jersey,Freehold,1,0,1,0,0,0,0,1,1,0,11950
New Jersey,Freehold Township,1,0,0,0,0,0,0,1,0,0,35723
New Jersey,Galloway Township,1,0,0,0,0,0,1,0,0,0,37637
New Jersey,Garwood,0,1,0,0,0,0,1,0,0,0,4540
New Jersey,Gibbsboro,1,0,0,0,0,0,0,0,0,1,2229
New Jersey,Glassboro,2,16,1,0,0,0,1,1,1,16,19087
New Jersey,Glen Rock,0,1,0,0,0,0,0,0,1,0,11953
New Jersey,Gloucester City,1,0,0,0,0,0,0,1,0,0,11265
New Jersey,Green Brook Township,1,0,0,0,0,0,1,0,0,0,7261
New Jersey,Guttenberg,1,0,0,0,0,0,1,0,0,0,11534
New Jersey,Hackettstown,1,0,0,0,0,0,0,0,1,0,9506
New Jersey,"Hamilton Township, Atlantic County",1,0,0,0,0,0,0,0,1,0,26671
New Jersey,"Hamilton Township, Mercer County",2,0,0,0,0,0,0,1,1,0,89124
New Jersey,Hanover Township,0,1,0,0,0,0,0,0,0,1,14905
New Jersey,Harrison Township,1,0,1,0,0,0,1,0,1,0,12893
New Jersey,Hawthorne,2,0,0,0,0,0,0,2,0,0,19078
New Jersey,High Bridge,0,1,0,0,0,0,0,0,1,0,3573
New Jersey,Highland Park,1,2,0,0,0,0,0,0,1,2,14525
New Jersey,Hightstown,1,0,0,0,0,0,1,0,0,0,5574
New Jersey,Hillsborough Township,1,0,0,0,0,0,0,1,0,0,39830
New Jersey,Hoboken,3,1,3,1,0,0,2,1,2,3,54050
New Jersey,Ho-Ho-Kus,0,1,0,0,0,0,0,1,0,0,4188
New Jersey,Hopewell Township,1,0,0,0,0,0,0,0,0,1,18389
New Jersey,Howell Township,5,1,1,0,0,0,2,5,0,0,52097
New Jersey,Jackson Township,0,1,0,0,0,0,0,0,0,1,56815
New Jersey,Jersey City,0,0,2,1,0,0,0,0,3,0,265159
New Jersey,Keansburg,2,0,0,0,0,0,0,1,1,0,9815
New Jersey,Lacey Township,2,0,0,0,0,0,2,0,0,0,28340
New Jersey,Lakewood Township,8,17,0,0,0,0,4,11,6,4,95743
New Jersey,Little Falls Township,1,2,1,0,0,0,2,0,0,2,14510
New Jersey,Livingston Township,0,2,0,0,0,0,0,2,0,0,30021
New Jersey,Lodi,1,0,0,0,0,0,0,0,0,1,24734
New Jersey,Lower Township,1,0,1,0,0,0,0,0,2,0,22108
New Jersey,Madison,3,3,0,0,0,0,0,3,2,1,16197
New Jersey,Manalapan Township,1,3,0,0,0,0,0,3,1,0,40238
New Jersey,Manasquan,0,1,0,0,0,0,0,0,1,0,5731
New Jersey,Manchester Township,1,0,0,0,0,0,0,0,0,1,43661
New Jersey,Medford Lakes,0,1,0,0,0,0,0,0,0,1,4102
New Jersey,Medford Township,1,2,0,0,0,0,2,0,1,0,23439
New Jersey,Middlesex,1,0,0,0,0,0,0,0,0,1,13926
New Jersey,Middle Township,0,0,1,0,0,0,0,0,0,1,18873
New Jersey,Midland Park,0,2,0,0,0,0,0,2,0,0,7335
New Jersey,Millburn Township,0,1,0,0,0,0,0,1,0,0,20441
New Jersey,"Monroe Township, Gloucester County",2,0,0,0,0,0,1,1,0,0,37624
New Jersey,"Monroe Township, Middlesex County",7,1,0,0,0,0,2,3,3,0,43654
New Jersey,Montclair,2,1,1,0,0,0,2,1,1,0,38192
New Jersey,Montville Township,0,1,0,0,0,0,0,1,0,0,21917
New Jersey,Morris Township,0,2,0,0,0,0,0,0,1,1,22605
New Jersey,Mount Laurel Township,2,0,0,0,0,0,0,0,0,2,41705
New Jersey,Neptune Township,8,0,2,0,0,0,2,4,1,3,27659
New Jersey,New Brunswick,4,7,5,0,0,0,2,8,1,5,57580
New Jersey,New Milford,0,1,1,0,0,0,2,0,0,0,16729
New Jersey,North Bergen Township,1,0,0,0,0,0,0,1,0,0,62928
New Jersey,North Brunswick Township,1,0,0,0,0,0,0,0,1,0,42696
New Jersey,Northfield,1,0,0,0,0,0,0,0,0,1,8600
New Jersey,North Haledon,1,0,0,0,0,0,1,0,0,0,8521
New Jersey,Norwood,2,1,0,0,0,0,0,1,1,1,5843
New Jersey,Palmyra,1,0,1,0,0,0,1,0,1,0,7318
New Jersey,Paramus,1,1,0,0,0,0,0,0,0,2,26903
New Jersey,Park Ridge,0,0,1,0,0,0,0,1,0,0,8872
New Jersey,Parsippany-Troy Hills Township,0,1,0,0,0,0,1,0,0,0,53790
New Jersey,Passaic,0,3,1,0,0,0,0,3,1,0,71807
New Jersey,Piscataway Township,5,0,0,0,0,0,3,0,1,1,59622
New Jersey,Princeton,0,3,0,0,0,0,1,1,0,1,30447
New Jersey,Randolph Township,5,1,0,0,0,0,1,3,2,0,26033
New Jersey,Ridgefield Park,0,0,1,0,0,0,0,0,1,0,13037
New Jersey,Ridgewood,0,1,0,0,0,0,0,0,0,1,25581
New Jersey,River Edge,0,2,0,0,0,0,0,0,0,2,11615
New Jersey,Roselle,1,0,0,0,0,0,0,1,0,0,21621
New Jersey,Saddle Brook Township,2,0,0,0,0,0,2,0,0,0,14037
New Jersey,Scotch Plains Township,0,1,0,0,0,0,0,1,0,0,24179
New Jersey,Sea Girt,0,1,0,0,0,0,0,1,0,0,1810
New Jersey,Secaucus,1,1,0,0,0,0,0,0,0,2,18959
New Jersey,Somerville,0,1,0,0,0,0,1,0,0,0,12162
New Jersey,South Amboy,1,0,0,0,0,0,0,0,1,0,8886
New Jersey,South Brunswick Township,9,1,0,0,0,0,2,2,5,1,45509
New Jersey,South Plainfield,1,1,0,0,0,0,0,0,1,1,24053
New Jersey,South River,1,0,0,0,0,0,0,1,0,0,16382
New Jersey,Springfield,0,1,0,0,0,0,0,1,0,0,17518
New Jersey,Stone Harbor,1,0,0,0,0,0,0,1,0,0,839
New Jersey,Union City,1,0,0,0,0,0,0,0,0,1,69077
New Jersey,Verona,0,6,0,0,0,0,0,1,5,0,13769
New Jersey,Voorhees Township,1,1,0,0,0,0,0,2,0,0,28890
New Jersey,Wallington,0,1,0,0,0,0,0,0,1,0,11674
New Jersey,"Washington Township, Gloucester County",1,0,0,0,0,0,0,1,0,0,47588
New Jersey,Wayne Township,2,2,0,0,0,0,3,1,0,0,55036
New Jersey,West Deptford Township,2,1,1,0,0,0,0,1,1,2,21276
New Jersey,West Long Branch,0,5,0,0,0,0,3,1,0,1,8375
New Jersey,West Milford Township,2,0,0,0,0,0,1,1,0,0,26678
New Jersey,West Windsor Township,0,1,0,0,0,0,1,0,0,0,28700
New Jersey,Winfield Township,1,0,0,0,0,0,0,1,0,0,1506
New Jersey,Woodbridge Township,2,0,0,0,0,0,1,1,0,0,100950
New Jersey,Woodbury,5,0,2,0,0,0,0,5,1,1,9961
New Jersey,Woodstown,0,1,0,0,0,0,0,0,1,0,3443
New Jersey,Camden County Police Department,1,0,0,0,0,0,0,0,1,0,1000000
New Jersey,"State Police, Monmouth County",1,0,0,0,0,0,0,1,0,0,1000000
New Mexico,Albuquerque,7,2,3,0,0,0,6,5,1,0,559721
New Mexico,Los Lunas,1,0,0,0,0,0,1,0,0,0,15251
New York,Albany,3,0,0,0,0,0,1,1,1,0,98772
New York,Amherst Town,2,0,0,0,0,0,0,0,2,0,120207
New York,Auburn,0,0,1,0,0,0,1,0,0,0,26865
New York,Buffalo,3,0,3,0,0,0,1,1,2,2,258096
New York,Cairo Town,1,0,0,0,0,0,0,1,0,0,6465
New York,Cheektowaga Town,1,0,0,0,0,0,0,0,1,0,78438
New York,Clarkstown Town,0,3,0,0,0,0,1,1,0,1,82156
New York,Cooperstown Village,1,0,0,0,0,0,0,0,1,0,1802
New York,Crawford Town,0,2,0,0,0,0,0,0,1,1,9213
New York,Freeport Village,0,2,0,0,0,0,0,1,1,0,43403
New York,Greenburgh Town,0,1,0,0,0,0,1,0,0,0,45362
New York,Hamburg Town,1,0,0,0,0,0,0,1,0,0,45942
New York,Hastings-on-Hudson Village,0,1,0,0,0,0,0,0,0,1,8005
New York,Ithaca,0,0,1,0,0,0,0,0,0,1,30892
New York,Jamestown,1,0,0,0,0,0,0,1,0,0,30263
New York,Lancaster Town,0,1,0,0,0,0,0,0,0,1,37134
New York,Middletown,0,1,0,0,0,0,0,0,0,1,27633
New York,Monroe Village,0,2,0,0,0,0,1,0,1,0,8605
New York,Mount Vernon,1,0,0,0,0,0,0,0,1,0,68734
New York,New Rochelle,1,0,0,0,0,0,0,0,1,0,80270
New York,New York,71,154,81,1,0,0,56,96,71,84,8550861
New York,North Greenbush Town,0,0,1,0,0,0,0,0,1,0,12132
New York,Ogdensburg,0,0,1,0,0,0,0,0,1,0,10844
New York,Oswego City,1,0,0,0,0,0,0,1,0,0,17941
New York,Port Washington,0,1,0,0,0,0,0,0,0,1,19215
New York,Poughkeepsie,3,0,0,0,0,0,1,0,1,1,30416
New York,Rochester,0,0,0,0,0,1,0,0,1,0,209922
New York,Saratoga Springs,1,0,0,0,0,0,0,0,0,1,27653
New York,Schenectady,0,1,0,0,0,0,0,0,0,1,65875
New York,Scotia Village,1,0,0,0,0,0,0,1,0,0,7822
New York,Solvay Village,1,0,0,0,0,0,0,0,1,0,6423
New York,Spring Valley Village,1,0,0,0,0,0,0,1,0,0,32795
New York,Troy,1,0,0,0,0,0,0,1,0,0,49872
New York,Tupper Lake Village,1,0,0,0,0,0,0,0,1,0,3609
New York,Webster Town and Village,1,0,0,0,0,0,0,0,1,0,44211
New York,Yonkers,2,1,2,0,0,1,0,2,3,1,201753
New York,"State University of New York, Binghamton",1,1,1,0,0,0,1,0,1,1,16695
New York,"State University of New York Agricultural and Technical College, Morrisville",1,1,0,0,0,0,0,0,0,2,2910
New York,State University of New York College:,0,0,0,0,0,0,0,0,0,0,1000000
New York,New Paltz,0,1,0,0,0,0,1,0,0,0,7692
New York,Oneonta,0,1,0,0,0,0,0,0,0,1,6101
New York,Potsdam,1,0,2,0,0,0,1,1,0,1,3979
New York,Purchase,1,2,0,0,0,0,2,0,0,1,4225
New York,Dutchess,0,1,0,0,0,0,0,0,0,1,1000000
New York,Nassau,8,23,1,0,0,0,7,13,6,6,1000000
New York,Niagara,0,0,1,0,0,0,0,1,0,0,1000000
New York,Orleans,0,1,0,0,0,0,0,0,1,0,1000000
New York,Suffolk County Police Department,13,44,8,0,0,1,8,24,18,16,1000000
New York,Cattaraugus,0,0,1,0,0,0,1,0,0,0,1000000
New York,State Police:,0,0,0,0,0,0,0,0,0,0,1000000
New York,Cattaraugus County ,1,0,0,0,0,0,0,0,0,1,1000000
New York,Delaware County ,0,1,0,0,0,0,0,0,0,1,1000000
New York,Duchess County ,1,0,0,0,0,0,0,0,1,0,1000000
New York,Franklin County ,1,0,0,0,0,0,1,0,0,0,1000000
New York,Monroe County ,1,0,0,0,0,0,0,1,0,0,1000000
New York,Orange County ,0,1,0,0,0,0,0,1,0,0,1000000
New York,St. Lawrence County ,0,1,0,0,0,0,0,1,0,0,1000000
New York,Tioga County ,1,0,0,0,0,0,0,0,0,1,1000000
New York,Warren County ,1,0,0,0,0,0,0,0,0,1,1000000
New York,Westchester County ,1,0,0,0,0,0,0,1,0,0,1000000
New York,New York City Metropolitan Transportation Authority,4,8,0,0,0,0,5,5,2,0,1000000
New York,"State Park, New York City Region",1,0,0,0,0,0,1,0,0,0,1000000
North Carolina,Apex,2,0,1,0,0,0,0,0,3,0,45593
North Carolina,Asheville,3,1,3,0,0,0,2,2,3,0,89003
North Carolina,Boone,0,1,0,0,0,0,0,1,0,0,18394
North Carolina,Brevard,1,0,0,0,0,0,0,0,0,1,7695
North Carolina,Carrboro,1,0,0,0,0,0,0,0,1,0,21340
North Carolina,Charlotte-Mecklenburg,16,3,9,1,0,0,3,9,12,5,877817
North Carolina,Dunn,0,0,2,0,0,0,0,0,2,0,9809
North Carolina,Durham,4,1,0,0,0,0,0,0,4,1,257911
North Carolina,Erwin,1,0,0,0,0,0,1,0,0,0,4661
North Carolina,Fayetteville,3,1,0,1,0,0,1,1,2,1,204731
North Carolina,Gastonia,6,0,0,0,0,0,3,0,3,0,74196
North Carolina,Granite Falls,1,0,0,0,0,0,0,0,0,1,4661
North Carolina,Greensboro3,4,2,4,0,0,0,0,2,3,4,285950
North Carolina,Greenville,2,0,0,0,0,0,1,0,1,0,91114
North Carolina,Hickory,2,0,0,0,0,0,0,1,1,0,40162
North Carolina,High Point,1,0,0,0,0,0,1,0,0,0,109669
North Carolina,Hillsborough,1,0,0,0,0,0,0,0,1,0,6460
North Carolina,Hope Mills,1,0,0,0,0,0,0,0,0,1,16466
North Carolina,Jacksonville,1,0,1,0,0,0,0,1,1,0,68614
North Carolina,Mars Hill,1,0,0,0,0,0,1,0,0,0,2300
North Carolina,Mayodan,1,0,1,0,0,0,0,1,1,0,2461
North Carolina,Mint Hill,0,0,1,0,0,0,0,0,1,0,25664
North Carolina,Mocksville,1,0,0,0,0,0,0,1,0,0,5114
North Carolina,Newton,1,0,1,0,0,0,0,0,2,0,13014
North Carolina,Oxford,1,0,0,0,0,0,0,1,0,0,8771
North Carolina,Raleigh,12,4,6,0,0,0,4,11,3,4,448722
North Carolina,Reidsville,2,0,0,0,0,0,0,0,2,0,13983
North Carolina,Rocky Mount,0,0,1,0,0,0,1,0,0,0,55978
North Carolina,Roxboro,1,0,0,0,0,0,0,0,1,0,8293
North Carolina,Salisbury,3,0,0,0,0,0,0,1,2,0,33761
North Carolina,Siler City,2,0,0,0,0,0,0,0,1,1,8368
North Carolina,Smithfield,2,0,0,0,0,0,0,1,0,1,11924
North Carolina,Wilmington,3,1,3,0,0,0,0,2,2,3,115434
North Carolina,Wilson,2,0,0,0,0,0,0,2,0,0,49442
North Carolina,Duke University,1,0,1,0,0,0,0,0,0,2,15856
North Carolina,East Carolina University,1,0,0,0,0,0,0,0,0,1,27511
North Carolina,Elizabeth City State University,1,0,0,0,0,0,0,0,0,1,1867
North Carolina,North Carolina School of the Arts,2,0,0,0,0,0,1,0,0,1,958
North Carolina,University of North Carolina:,0,0,0,0,0,0,0,0,0,0,1000000
North Carolina,Greensboro,1,0,0,0,0,0,1,0,0,0,18647
North Carolina,Pembroke,0,0,2,0,0,0,2,0,0,0,6269
North Carolina,Cabarrus,0,1,0,0,0,0,0,0,0,1,1000000
North Carolina,Caldwell,0,1,0,0,0,0,0,0,1,0,1000000
North Carolina,Currituck,1,0,0,0,0,0,0,1,0,0,1000000
North Carolina,Forsyth,5,0,0,0,0,0,1,0,3,1,1000000
North Carolina,Franklin,4,0,0,0,0,0,0,0,2,2,1000000
North Carolina,Gaston County Police Department,1,0,0,0,0,0,0,0,0,1,1000000
North Carolina,Guilford,0,1,0,0,0,0,0,1,0,0,1000000
North Carolina,New Hanover,1,0,0,0,0,0,0,1,0,0,1000000
North Carolina,Pitt,3,0,0,0,0,0,0,1,1,1,1000000
North Carolina,Bladen,1,0,0,0,0,0,0,0,1,0,1000000
North Carolina,Cleveland,1,0,0,0,0,0,0,0,1,0,1000000
North Carolina,Rutherford,1,0,1,0,0,0,2,0,0,0,1000000
North Dakota,Belfield,1,0,0,0,0,0,0,0,0,1,1092
North Dakota,Bismarck,8,0,0,0,0,0,4,3,1,0,70873
North Dakota,Devils lake,1,0,0,0,0,0,0,1,0,0,7326
North Dakota,Dickinson,0,0,1,0,0,0,0,1,0,0,23564
North Dakota,Fargo,8,1,0,0,0,0,2,3,3,1,118490
North Dakota,Grand Forks,1,0,0,0,0,0,0,1,0,0,56861
North Dakota,Mandan,1,0,0,0,0,0,0,1,0,0,21448
North Dakota,Minot,1,0,0,0,0,0,0,1,0,0,49842
North Dakota,Rugby,1,0,0,0,0,0,0,0,0,1,2919
North Dakota,Wahpeton,1,0,0,0,0,0,0,0,0,1,7940
North Dakota,Watford City,0,1,0,0,0,0,0,0,1,0,5235
North Dakota,Williston,0,0,1,0,0,0,0,0,0,1,27324
North Dakota,University of North Dakota,0,0,1,0,0,0,0,0,0,1,14906
North Dakota,Morton,0,1,0,0,0,0,0,0,1,0,1000000
North Dakota,Barnes,1,0,0,0,0,0,0,0,1,0,1000000
North Dakota,McKenzie,2,0,0,0,0,0,0,0,2,0,1000000
North Dakota,McLean,1,0,0,0,0,0,0,1,0,0,1000000
North Dakota,Ramsey,1,0,1,0,0,0,1,0,0,1,1000000
North Dakota,Richland,1,0,0,0,0,0,0,1,0,0,1000000
Ohio,Akron,4,0,0,0,0,0,1,3,0,0,197587
Ohio,Athens,0,1,0,0,0,0,0,0,0,1,23960
Ohio,Barberton,5,0,1,0,0,0,3,2,1,0,26242
Ohio,Bellefontaine,2,0,0,0,0,0,1,1,0,0,13124
Ohio,Blue Ash,2,0,0,0,0,0,0,1,0,1,12159
Ohio,Boardman,4,0,0,0,0,0,0,1,2,1,39887
Ohio,Bowling Green,1,0,0,0,0,0,1,0,0,0,31878
Ohio,Butler Township,2,0,0,0,0,0,0,1,1,0,7857
Ohio,Celina,1,0,0,0,0,0,0,0,1,0,10366
Ohio,Cheviot,1,0,0,0,0,0,0,1,0,0,8314
Ohio,Cincinnati,23,4,6,0,0,0,7,8,10,8,298478
Ohio,Cleveland,6,1,0,1,0,0,1,5,2,0,387921
Ohio,Coldwater,1,0,0,0,0,0,0,0,1,0,4459
Ohio,Columbus,114,9,14,0,0,0,15,39,56,27,847745
Ohio,Columbus Grove,1,0,0,0,0,0,0,0,1,0,2071
Ohio,Conneaut,0,0,0,5,0,0,0,0,5,0,12809
Ohio,Cortland,1,0,0,0,0,0,0,0,1,0,6931
Ohio,Dayton,4,1,0,0,0,0,2,0,2,1,140683
Ohio,Defiance,1,0,0,0,0,0,0,1,0,0,16698
Ohio,Elmwood Place,7,0,0,0,0,0,0,7,0,0,2170
Ohio,Fairborn,1,1,0,0,0,0,0,1,1,0,33423
Ohio,Forest Park,1,0,0,0,0,0,0,0,0,1,18726
Ohio,Fostoria,1,0,0,0,0,0,1,0,0,0,13126
Ohio,Gahanna,1,0,0,0,0,0,0,0,0,1,34508
Ohio,Garfield Heights,1,0,0,0,0,0,1,0,0,0,28088
Ohio,Glouster,1,0,0,0,0,0,0,1,0,0,1787
Ohio,Greenhills,2,0,0,0,0,0,0,0,1,1,3592
Ohio,Grove City,3,0,0,0,0,0,0,2,0,1,39251
Ohio,Hamilton,6,0,4,1,0,0,2,2,3,4,62526
Ohio,Haskins,1,0,0,0,0,0,0,1,0,0,1232
Ohio,Heath,4,0,1,0,0,0,1,2,1,1,10496
Ohio,Holland,2,0,0,0,0,0,0,0,1,1,1702
Ohio,Howland Township,1,0,0,0,0,0,0,0,1,0,16857
Ohio,Huber Heights,2,0,0,0,0,0,1,1,0,0,38164
Ohio,Independence,1,0,1,0,0,0,0,0,2,0,7139
Ohio,"Jackson Township, Stark County",2,0,1,0,0,0,0,2,1,0,40779
Ohio,Lakewood,9,0,0,0,0,0,9,0,0,0,50653
Ohio,Lancaster,0,0,1,0,0,0,0,0,1,0,39793
Ohio,Lorain,1,0,0,0,0,0,0,0,1,0,63700
Ohio,Lyndhurst,0,1,0,0,0,0,0,0,1,0,13672
Ohio,"Madison Township, Franklin County",2,0,1,0,0,0,0,1,2,0,18260
Ohio,Mansfield,3,0,0,0,0,0,0,1,2,0,46605
Ohio,Massillon,1,0,0,0,0,0,0,0,1,0,32301
Ohio,Maumee,0,0,1,0,0,0,0,1,0,0,13978
Ohio,Medina Township,0,1,0,0,0,0,0,0,1,0,8961
Ohio,Mentor,1,0,0,0,0,0,0,0,0,1,46802
Ohio,Miamisburg,0,0,0,1,0,0,1,0,0,0,20064
Ohio,"Miami Township, Montgomery County",1,1,0,0,0,0,0,0,0,2,29134
Ohio,Monroe,4,0,0,0,0,0,2,1,1,0,15814
Ohio,Montpelier,2,0,0,0,0,0,0,0,2,0,4010
Ohio,Montville Township,0,1,0,0,0,0,0,1,0,0,11738
Ohio,Moraine,2,0,0,0,0,0,1,1,0,0,6378
Ohio,Mount Healthy,1,0,0,0,0,0,0,1,0,0,6053
Ohio,Mount Vernon,1,0,0,0,0,0,0,1,0,0,16727
Ohio,Newton Falls,0,0,2,0,0,0,1,0,1,0,4656
Ohio,Niles,4,2,0,0,0,0,1,2,1,2,18667
Ohio,North Canton,1,0,0,0,0,0,0,0,1,0,17496
Ohio,Norton,2,0,1,0,0,0,0,1,1,1,12031
Ohio,Parma,1,0,0,0,0,0,0,0,0,1,79655
Ohio,Portsmouth,0,0,1,0,0,0,0,0,1,0,20346
Ohio,Sidney,0,0,1,0,0,0,0,0,0,1,20836
Ohio,"Springfield Township, Hamilton County",1,0,2,0,0,0,2,1,0,0,36574
Ohio,Streetsboro,0,0,1,0,0,0,1,0,0,0,16286
Ohio,Sugarcreek Township,1,0,0,0,0,0,0,0,0,1,8212
Ohio,Sunbury,1,0,0,0,0,0,0,0,0,1,5037
Ohio,Toledo3,13,1,5,0,0,0,3,3,12,1,279552
Ohio,Upper Arlington,1,1,0,0,0,0,0,1,1,0,34838
Ohio,Urbana,2,1,0,0,0,0,0,1,2,0,11453
Ohio,Vandalia,1,0,0,0,0,0,0,0,0,1,15106
Ohio,Van Wert,0,0,1,0,0,0,0,0,0,1,10755
Ohio,Vienna Township,0,0,0,1,0,0,0,0,0,1,3844
Ohio,Wadsworth,1,0,5,0,0,0,0,0,0,6,21966
Ohio,Washington Court House,0,0,1,0,0,0,0,0,1,0,14060
Ohio,Weathersfield,1,0,0,0,0,0,0,0,1,0,8091
Ohio,Wellston,1,0,0,0,0,0,1,0,0,0,5503
Ohio,West Carrollton,1,0,0,0,0,0,0,0,0,1,12983
Ohio,West Chester Township,1,0,0,0,0,0,1,0,0,0,60365
Ohio,Wilmington,2,0,0,0,0,0,0,1,1,0,12350
Ohio,Wooster,1,0,0,0,0,0,0,1,0,0,26651
Ohio,Worthington,1,0,0,0,0,0,0,0,1,0,14594
Ohio,Youngstown,1,1,0,0,0,0,0,1,0,1,64608
Ohio,Zanesville,0,0,1,0,0,0,0,0,1,0,25337
Ohio,Bowling Green State University,1,0,0,0,0,0,0,0,1,0,16554
Ohio,Capital University,1,1,0,0,0,0,0,0,1,1,3494
Ohio,Lakeland Community College,1,0,0,0,0,0,0,1,0,0,8250
Ohio,Miami University,1,0,0,0,0,0,0,0,0,1,18620
Ohio,"Ohio State University, Columbus",1,1,0,0,0,0,1,1,0,0,58322
Ohio,Butler,3,0,1,0,0,0,2,1,0,1,1000000
Ohio,Fairfield,1,0,0,0,0,0,1,0,0,0,1000000
Ohio,Greene,6,4,0,0,0,0,3,6,0,1,1000000
Ohio,Lawrence,0,0,1,0,0,0,0,0,0,1,1000000
Ohio,Lorain,1,0,0,0,0,0,0,0,1,0,1000000
Ohio,Lucas,1,0,0,0,0,0,1,0,0,0,1000000
Ohio,Montgomery,1,2,1,0,0,0,1,1,0,2,1000000
Ohio,Stark,2,4,1,0,0,0,1,2,4,0,1000000
Ohio,Warren,1,0,0,0,0,0,1,0,0,0,1000000
Ohio,Ashland,1,0,0,0,0,0,0,0,0,1,1000000
Ohio,Ashtabula,1,0,0,0,0,0,0,0,1,0,1000000
Ohio,Athens,1,0,0,0,0,0,0,1,0,0,1000000
Ohio,Gallia,0,0,1,0,0,0,0,0,1,0,1000000
Ohio,Marion,0,0,0,1,0,0,0,1,0,0,1000000
Ohio,Preble,1,0,0,0,0,0,0,0,0,1,1000000
Ohio,Ross,1,0,0,0,0,0,0,1,0,0,1000000
Ohio,Scioto,1,0,0,0,0,0,0,1,0,0,1000000
Ohio,Shelby,1,0,0,0,0,0,0,1,0,0,1000000
Ohio,Washington,1,0,0,0,0,0,0,1,0,0,1000000
Ohio,Ohio State Highway Patrol,2,0,1,0,0,0,1,1,0,1,1000000
Ohio,Cleveland Metropolitan Park District,1,0,0,0,0,0,0,1,0,0,1000000
Ohio,Hamilton County Park District,1,0,0,0,0,0,0,0,0,1,1000000
Oklahoma,Apache,1,0,0,0,0,0,0,0,0,1,1424
Oklahoma,Broken Bow,1,0,0,0,0,0,0,0,0,1,4134
Oklahoma,Catoosa,1,0,0,0,0,0,1,0,0,0,7105
Oklahoma,Chickasha,2,0,1,0,0,0,1,1,1,0,16408
Oklahoma,Choctaw,0,1,0,0,0,0,0,1,0,0,12196
Oklahoma,Edmond,0,1,0,0,0,0,0,0,0,1,90418
Oklahoma,Elk City,1,0,0,0,0,0,0,0,1,0,12951
Oklahoma,Enid,2,0,0,0,0,0,0,0,0,2,51870
Oklahoma,Guymon,0,1,0,0,0,0,0,1,0,0,12281
Oklahoma,Jenks,0,0,1,0,0,0,0,0,1,0,20710
Oklahoma,Lawton,1,0,0,0,0,0,0,1,0,0,96801
Oklahoma,McAlester,0,0,1,0,0,0,0,0,1,0,18215
Oklahoma,Muskogee,3,0,0,0,0,0,0,3,0,0,38451
Oklahoma,Norman,1,0,0,0,0,0,1,0,0,0,119767
Oklahoma,Oklahoma City,1,0,2,0,0,0,0,2,1,0,630621
Oklahoma,Purcell,1,0,0,0,0,0,0,0,0,1,6376
Oklahoma,Sallisaw,1,0,0,0,0,0,0,1,0,0,8581
Oklahoma,Sayre,1,0,0,0,0,0,1,0,0,0,4846
Oklahoma,Stigler,0,0,1,0,0,0,0,0,1,0,2755
Oklahoma,Stilwell,1,0,0,0,0,0,0,1,0,0,4019
Oklahoma,Woodward,1,0,0,0,0,0,1,0,0,0,13240
Oklahoma,Lincoln,1,0,0,0,0,0,1,0,0,0,1000000
Oklahoma,Tulsa,1,0,1,0,0,0,1,0,1,0,1000000
Oklahoma,Wagoner,1,0,0,0,0,0,0,0,1,0,1000000
Oklahoma,Carter,1,0,0,0,0,0,0,1,0,0,1000000
Oklahoma,Craig,1,0,0,0,0,0,0,0,1,0,1000000
Oklahoma,Hughes,1,0,0,0,0,0,0,0,0,1,1000000
Oklahoma,Kiowa,1,0,0,0,0,0,0,0,1,0,1000000
Oklahoma,Payne,1,0,0,0,0,0,0,0,0,1,1000000
Oregon,Ashland,0,1,1,0,0,0,1,1,0,0,20834
Oregon,Corvallis,2,1,0,1,0,0,0,0,3,1,55100
Oregon,Eugene3,25,6,7,2,0,0,9,12,10,8,161608
Oregon,Hood River,1,0,0,0,0,0,0,1,0,0,7556
Oregon,La Grande,0,0,0,1,0,0,1,0,0,0,13010
Oregon,Salem,4,1,1,0,0,0,0,2,3,1,163320
Oregon,Springfield,1,0,0,0,0,0,0,0,0,1,60485
Oregon,Sutherlin,1,0,0,0,0,0,0,1,0,0,7749
Oregon,Deschutes,1,0,0,0,0,0,0,0,1,0,1000000
Oregon,Jackson,0,0,1,0,0,0,1,0,0,0,1000000
Oregon,Hood River,1,0,0,0,0,0,0,0,1,0,1000000
Oregon,Lincoln,0,0,0,1,0,0,1,0,0,0,1000000
Oregon,Umatilla,1,0,0,0,0,0,0,0,0,1,1000000
Oregon,State Police:,0,0,0,0,0,0,0,0,0,0,1000000
Oregon,Benton County,1,0,1,0,0,0,1,1,0,0,1000000
Oregon,Marion County,1,0,0,0,0,0,1,0,0,0,1000000
Oregon,Tillamook County,2,0,0,0,0,0,0,0,1,1,1000000
Pennsylvania,Brighton Township,1,0,0,0,0,0,0,0,0,1,8365
Pennsylvania,Columbia,1,0,0,0,0,0,1,0,0,0,10379
Pennsylvania,Economy,1,0,0,0,0,0,0,0,0,1,9371
Pennsylvania,Lancaster,1,0,1,0,0,0,0,0,0,2,59295
Pennsylvania,New Cumberland,1,0,0,0,0,0,0,0,1,0,7268
Pennsylvania,New Garden Township,0,0,1,0,0,0,0,1,0,0,12121
Pennsylvania,Philadelphia,6,5,3,0,0,0,3,5,2,4,1567810
Pennsylvania,Pittsburgh,11,0,3,0,0,0,3,4,2,5,306870
Pennsylvania,Reading,1,0,0,0,0,1,0,1,0,1,87744
Pennsylvania,Scranton,1,1,0,0,0,0,0,0,0,2,75087
Pennsylvania,State College,2,0,1,0,0,0,1,1,0,1,57710
Pennsylvania,Throop,1,0,0,0,0,0,0,1,0,0,4039
Pennsylvania,"Washington Township, Franklin County",0,1,1,0,0,0,1,0,1,0,14559
Pennsylvania,Elizabethtown College,1,0,0,0,0,0,0,0,0,1,1822
Pennsylvania,Lehigh University,0,0,1,0,0,0,0,0,0,1,7119
Pennsylvania,"Pennsylvania State University, University Park",2,1,0,0,0,0,2,0,0,1,47040
Pennsylvania,University of Pittsburgh:,0,0,0,0,0,0,0,0,0,0,1000000
Pennsylvania,Johnstown,0,4,0,0,0,0,0,0,0,4,2869
Pennsylvania,Pittsburgh,1,0,0,0,0,0,1,0,0,0,28617
Pennsylvania,State Police: ,0,0,0,0,0,0,0,0,0,0,1000000
Pennsylvania,Elizabethville,2,0,0,0,0,0,1,0,1,0,1000000
Pennsylvania,Fulton County,1,0,0,0,0,0,0,1,0,0,1000000
Pennsylvania,Juniata County,1,0,0,0,0,0,0,0,0,1,1000000
Pennsylvania,Monroe County,1,0,0,0,0,0,0,1,0,0,1000000
Pennsylvania,Skippack County,1,0,0,0,0,0,0,1,0,0,1000000
Pennsylvania,Washington County,1,0,0,0,0,0,0,0,0,1,1000000
Pennsylvania,Allegheny County Port Authority,1,0,0,0,0,0,0,1,0,0,1000000
Pennsylvania,Delaware County Park,1,0,0,0,0,0,0,0,0,1,1000000
Rhode Island,East Providence,0,0,1,0,0,0,0,1,0,0,47428
Rhode Island,Newport,0,0,1,0,0,0,0,0,1,0,23887
Rhode Island,Pawtucket,0,1,0,0,0,0,0,0,0,1,71624
Rhode Island,Providence,4,4,3,0,0,0,0,3,4,4,179522
Rhode Island,Richmond,1,0,0,0,0,0,0,0,0,1,7592
Rhode Island,West Warwick,0,1,0,0,0,0,1,0,0,0,28828
Rhode Island,Woonsocket,0,1,0,0,0,0,0,0,1,0,41261
Rhode Island,University of Rhode Island,1,0,0,0,0,0,0,1,0,0,16571
South Carolina,Belton,2,0,0,0,0,0,0,1,1,0,4324
South Carolina,Blacksburg,1,0,0,0,0,0,1,0,0,0,1880
South Carolina,Cayce,2,0,0,0,0,0,2,0,0,0,13055
South Carolina,Charleston,3,0,1,0,0,0,0,2,0,2,132585
South Carolina,Cheraw,1,0,0,0,0,0,0,0,1,0,5781
South Carolina,Chester,1,0,0,0,0,0,0,0,1,0,5467
South Carolina,Columbia,1,0,0,0,0,0,0,0,1,0,132495
South Carolina,Darlington,0,0,1,0,0,0,0,0,0,1,6186
South Carolina,Easley,1,0,0,0,0,0,0,0,0,1,20676
South Carolina,Elgin,2,0,0,0,0,0,0,1,1,0,1452
South Carolina,Georgetown,0,0,1,0,0,0,0,0,1,0,9028
South Carolina,Greenville,1,0,0,0,0,0,0,0,1,0,63011
South Carolina,Hemingway,1,0,0,0,0,0,0,0,0,1,428
South Carolina,Honea Path,2,0,0,0,0,0,0,2,0,0,3697
South Carolina,Mauldin,1,0,0,0,0,0,1,0,0,0,25246
South Carolina,Mount Pleasant,1,0,0,0,0,0,0,1,0,0,80446
South Carolina,Myrtle Beach,1,0,0,0,0,0,0,0,0,1,30731
South Carolina,North Charleston,0,0,1,0,0,0,0,0,1,0,109051
South Carolina,North Myrtle Beach,1,0,0,0,0,0,1,0,0,0,15518
South Carolina,Orangeburg,1,0,0,0,0,0,0,0,1,0,13459
South Carolina,Saluda,0,0,1,0,0,0,0,0,1,0,3618
South Carolina,Santee,1,0,0,0,0,0,0,0,0,1,940
South Carolina,Summerville,2,0,0,0,0,0,1,0,1,0,48071
South Carolina,Surfside Beach,1,0,0,0,0,0,0,0,1,0,4276
South Carolina,Trident Technical College,0,0,0,1,0,0,1,0,0,0,16136
South Carolina,University of South Carolina:,0,0,0,0,0,0,0,0,0,0,1000000
South Carolina,Columbia,1,0,0,0,0,0,0,0,1,0,32971
South Carolina,Upstate,1,0,0,0,0,0,0,0,0,1,5585
South Carolina,Berkeley,1,0,0,0,0,0,1,0,0,0,1000000
South Carolina,Charleston,1,0,0,0,0,0,0,0,1,0,1000000
South Carolina,Greenville,1,0,0,0,0,0,0,1,0,0,1000000
South Carolina,Horry County Police Department,4,1,0,0,0,0,2,3,0,0,1000000
South Carolina,Lexington,1,0,0,0,0,0,0,0,1,0,1000000
South Carolina,Richland,0,0,1,0,0,0,1,0,0,0,1000000
South Carolina,Sumter,1,0,0,0,0,0,0,0,1,0,1000000
South Carolina,Union,1,0,0,0,0,0,0,0,1,0,1000000
South Carolina,Cherokee,0,0,0,1,0,0,1,0,0,0,1000000
South Carolina,Colleton,1,0,1,0,0,0,1,0,1,0,1000000
South Carolina,Georgetown,2,0,0,0,0,0,2,0,0,0,1000000
South Carolina,Hampton,1,0,0,0,0,0,0,0,0,1,1000000
South Carolina,"United States Department of Energy, Savannah River Plant",1,1,0,0,0,0,0,0,2,0,1000000
South Dakota,Aberdeen,1,0,0,0,0,0,0,0,0,1,28219
South Dakota,Beresford,2,0,0,0,0,0,0,2,0,0,2029
South Dakota,Brookings,2,1,0,0,0,0,1,0,0,2,23501
South Dakota,Gettysburg,1,0,1,0,0,0,0,0,1,1,1174
South Dakota,Rapid City,0,1,1,0,0,0,2,0,0,0,73801
South Dakota,Spearfish,1,0,0,0,0,0,1,0,0,0,11225
South Dakota,Sturgis,0,0,3,0,0,0,0,0,3,0,6767
South Dakota,Vermillion,1,0,0,0,0,0,0,0,1,0,10732
South Dakota,Brown,1,0,0,0,0,0,0,0,1,0,1000000
Tennessee,Atoka,8,0,0,1,0,0,0,5,2,2,9042
Tennessee,Chapel Hill,0,0,0,1,0,0,0,1,0,0,1464
Tennessee,Chattanooga,10,6,0,0,0,0,2,1,6,7,174969
Tennessee,Clarksville,10,3,2,1,0,0,4,4,4,4,150319
Tennessee,Cleveland,4,0,0,0,0,0,0,1,2,1,43650
Tennessee,Cookeville,0,1,0,0,0,0,0,0,1,0,31509
Tennessee,Cowan,0,0,0,1,0,0,0,0,1,0,1713
Tennessee,Crossville,1,0,1,0,0,0,0,0,2,0,11445
Tennessee,Dover,1,0,0,0,0,0,1,0,0,0,1433
Tennessee,Dunlap,1,0,0,0,0,0,0,0,1,0,5131
Tennessee,Dyersburg,2,0,0,0,0,0,0,1,1,0,16766
Tennessee,Elizabethton,4,0,0,0,0,0,1,1,2,0,14265
Tennessee,Fairview,2,0,0,0,0,0,0,0,0,2,8331
Tennessee,Germantown,0,0,0,0,1,0,0,1,0,0,39361
Tennessee,Greeneville,5,0,0,0,0,0,2,2,0,1,15031
Tennessee,Harriman,0,0,1,0,0,0,1,0,0,0,6182
Tennessee,Huntland,1,0,0,0,0,0,0,1,0,0,858
Tennessee,Johnson City,1,0,0,0,0,0,1,0,0,0,66369
Tennessee,Jonesborough,1,0,0,0,0,0,0,0,0,1,5283
Tennessee,Kingsport,1,0,0,0,0,0,1,0,0,0,53091
Tennessee,Knoxville,2,1,0,0,0,0,2,0,0,1,185638
Tennessee,Lafayette,2,0,0,0,0,0,0,0,2,0,5075
Tennessee,Lawrenceburg,0,0,1,0,0,0,0,1,0,0,10514
Tennessee,Lebanon,1,0,0,0,0,0,1,0,0,0,30266
Tennessee,Manchester,0,1,0,0,0,0,0,0,1,0,10404
Tennessee,Mason,1,0,0,0,0,0,1,0,0,0,1598
Tennessee,McMinnville,2,0,0,0,0,0,0,1,0,1,13622
Tennessee,Memphis,7,1,8,0,0,1,3,4,7,3,657936
Tennessee,Millington,3,0,0,0,0,0,0,2,0,1,11061
Tennessee,Moscow,1,0,0,1,0,0,1,0,1,0,534
Tennessee,Munford,2,0,0,0,0,0,0,0,0,2,6082
Tennessee,Nashville Metropolitan,7,2,6,0,0,0,1,6,6,2,658029
Tennessee,Niota,0,1,0,0,0,0,0,0,0,1,718
Tennessee,Portland,0,1,0,0,0,0,0,0,0,1,12396
Tennessee,Rockwood,1,0,0,0,0,0,0,0,0,1,5396
Tennessee,Savannah,1,0,0,0,0,0,0,0,1,0,7069
Tennessee,Smithville,0,0,2,0,0,0,0,0,2,0,4694
Tennessee,Winchester,1,0,1,0,0,0,0,1,1,0,8555
Tennessee,East Tennessee State University,1,1,0,0,0,0,0,0,2,0,14434
Tennessee,Tennessee Technological University,0,0,1,0,0,0,0,1,0,0,11339
Tennessee,"University of Tennessee, Chattanooga",1,1,0,0,0,0,1,0,0,1,11670
Tennessee,Vanderbilt University,1,2,0,0,0,0,1,0,0,2,12686
Tennessee,Blount,1,0,0,0,0,0,0,0,1,0,1000000
Tennessee,Bradley,0,1,0,0,0,0,0,0,0,1,1000000
Tennessee,Cheatham,1,0,0,0,0,0,0,0,0,1,1000000
Tennessee,Hamilton,3,1,1,0,0,0,3,1,0,1,1000000
Tennessee,Hickman,1,0,0,0,0,0,1,0,0,0,1000000
Tennessee,Jefferson,1,0,0,0,0,0,0,1,0,0,1000000
Tennessee,Knox,1,0,0,0,0,0,0,0,0,1,1000000
Tennessee,Roane,0,1,2,0,0,0,0,0,1,2,1000000
Tennessee,Robertson,1,0,0,0,0,0,0,0,0,1,1000000
Tennessee,Rutherford,1,0,0,0,0,0,0,1,0,0,1000000
Tennessee,Shelby,28,2,0,0,0,0,12,6,2,10,1000000
Tennessee,Sullivan,1,0,0,0,0,0,0,1,0,0,1000000
Tennessee,Tipton,2,0,0,0,0,0,0,1,1,0,1000000
Tennessee,Washington,18,0,0,0,0,0,9,8,1,0,1000000
Tennessee,Williamson,0,1,0,0,0,0,0,1,0,0,1000000
Tennessee,Bedford,1,0,0,0,0,0,1,0,0,0,1000000
Tennessee,Gibson,1,0,0,0,0,0,0,0,1,0,1000000
Tennessee,Lawrence,1,0,0,0,0,0,1,0,0,0,1000000
Tennessee,Department of Safety,9,1,0,0,0,3,4,2,2,5,1000000
Texas,Austin,5,2,4,0,0,2,3,6,3,1,938728
Texas,Baytown,0,1,0,0,0,0,0,1,0,0,77145
Texas,Beaumont,7,1,0,0,0,0,5,1,1,1,117635
Texas,Bedford,6,0,0,0,0,0,0,2,3,1,49377
Texas,Burkburnett,0,1,0,0,0,0,1,0,0,0,11224
Texas,Carrollton,1,0,0,0,0,0,0,1,0,0,130676
Texas,Cedar Park,4,0,0,0,0,0,2,1,0,1,66724
Texas,Center,4,0,0,0,0,0,1,0,3,0,5246
Texas,Cisco,1,0,0,0,0,0,0,1,0,0,3746
Texas,Commerce,1,0,0,0,0,0,0,1,0,0,8732
Texas,Corpus Christi,0,0,1,0,0,0,0,0,0,1,324326
Texas,Dalhart,0,0,1,0,0,0,0,1,0,0,8416
Texas,Dallas,4,3,2,0,0,2,2,5,2,2,1301977
Texas,Denton,1,0,1,1,0,0,0,1,2,0,131194
Texas,Dublin,1,0,0,0,0,0,0,0,0,1,3616
Texas,El Paso,0,3,0,0,0,0,1,0,2,0,686077
Texas,Fairfield,1,0,0,0,0,0,0,0,0,1,2899
Texas,Fort Worth,11,5,4,0,0,0,6,7,5,2,829731
Texas,Frisco,0,1,0,0,0,0,0,0,0,1,152678
Texas,Galveston,1,0,0,0,0,0,0,1,0,0,50065
Texas,Gilmer,1,0,0,0,0,0,0,1,0,0,5224
Texas,Grand Prairie,0,1,0,0,0,0,1,0,0,0,187901
Texas,Houston,12,3,10,0,1,1,2,13,10,2,2275221
Texas,Hurst,1,0,0,0,0,0,0,0,1,0,39069
Texas,La Grange,1,0,0,0,0,0,0,0,0,1,4679
Texas,La Porte,1,0,0,0,0,0,0,1,0,0,35336
Texas,Lewisville,0,1,0,0,0,0,1,0,0,0,104741
Texas,Longview,2,1,1,0,0,0,0,1,0,3,81842
Texas,Madisonville,1,0,0,0,0,0,0,0,1,0,4589
Texas,McKinney,2,0,1,0,0,0,0,2,1,0,163406
Texas,Missouri City,1,0,0,0,0,0,0,1,0,0,72879
Texas,Odessa,2,0,2,0,0,0,2,2,0,0,118606
Texas,Pearland,2,0,0,0,0,0,0,0,0,2,106850
Texas,Plano,3,1,0,0,0,0,0,1,2,1,282968
Texas,Port Lavaca,1,0,0,0,0,0,0,0,1,0,12446
Texas,Rusk,1,0,0,0,0,0,0,0,1,0,5585
Texas,Sachse,0,0,1,0,0,0,0,0,0,1,24564
Texas,San Angelo,0,1,0,0,0,0,0,0,1,0,100356
Texas,San Antonio,2,8,2,0,0,0,2,2,7,1,1463586
Texas,Schertz,0,0,1,0,0,0,0,0,1,0,38201
Texas,Tyler,2,1,1,0,0,0,0,0,1,3,102481
Texas,University Park,1,1,0,0,0,0,1,0,1,0,24729
Texas,Victoria,1,0,0,0,0,0,0,1,0,0,66988
Texas,Weatherford,1,0,1,0,0,0,1,1,0,0,28379
Texas,Alamo Community College District,0,0,2,0,0,0,0,0,2,0,55967
Texas,Texas Christian University,1,0,0,0,0,0,1,0,0,0,10033
Texas,"Texas Tech University, Lubbock",2,1,0,0,0,0,0,3,0,0,35158
Texas,University of Texas:,0,0,0,0,0,0,0,0,0,0,1000000
Texas,Arlington,1,0,0,0,0,0,0,1,0,0,39740
Texas,Austin,2,0,0,0,0,0,0,0,2,0,51313
Texas,Houston,0,0,1,0,0,0,0,0,0,1,4859
Texas,Pan American,0,0,1,0,0,0,0,0,1,0,21015
Texas,Brazoria,1,0,0,0,0,0,0,1,0,0,1000000
Texas,Galveston,3,0,0,0,0,0,0,0,2,1,1000000
Texas,Lubbock,2,0,0,0,0,0,1,0,0,1,1000000
Texas,Martin,1,0,0,0,0,0,0,0,0,1,1000000
Texas,Parker,1,0,0,0,0,0,1,0,0,0,1000000
Texas,Smith,2,0,0,0,0,0,0,0,0,2,1000000
Texas,Travis,0,0,4,0,0,0,2,2,0,0,1000000
Texas,Gray,1,0,0,0,0,0,0,0,0,1,1000000
Texas,Young,1,0,0,0,0,0,0,0,0,1,1000000
Texas,Zavala,2,0,0,0,0,0,0,0,1,1,1000000
Texas,"Hospital District, Dallas County",1,0,0,0,0,0,0,0,1,0,1000000
Utah,Bountiful,2,0,0,0,0,0,1,0,1,0,43570
Utah,Farmington,1,0,0,0,0,0,0,1,0,0,23198
Utah,Grantsville,0,2,0,0,0,0,0,0,0,2,10071
Utah,Ogden,0,2,0,0,0,0,0,0,2,0,84642
Utah,Price,2,0,0,0,0,0,1,0,0,1,8269
Utah,Roosevelt,2,0,0,0,0,0,0,0,1,1,6970
Utah,Salt Lake City,1,1,2,0,0,0,0,3,1,0,191992
Utah,Sandy,2,0,0,0,0,0,0,0,0,2,92013
Utah,Saratoga Springs,1,0,0,0,0,0,0,0,1,0,26260
Utah,South Salt Lake,1,0,1,0,0,0,1,0,1,0,25020
Utah,St. George,1,0,1,0,0,0,0,0,0,2,79984
Utah,Tooele,2,2,0,0,0,0,0,1,2,1,32789
Utah,Vernal,0,1,0,0,0,0,1,0,0,0,11346
Utah,West Bountiful,2,0,0,0,0,0,0,1,1,0,5488
Utah,West Jordan,1,0,0,0,0,0,0,0,0,1,112687
Utah,West Valley,4,1,1,0,0,0,2,0,0,4,135744
Utah,Brigham Young University,1,1,0,0,0,0,0,2,0,0,30484
Utah,Davis,1,0,0,0,0,0,0,0,0,1,1000000
Utah,Washington,1,1,1,0,0,0,1,0,2,0,1000000
Utah,Duchesne,1,0,0,0,0,0,0,1,0,0,1000000
Utah,Uintah,0,0,1,0,0,0,0,0,1,0,1000000
Utah,Utah Transit Authority,3,0,0,0,0,0,2,0,1,0,1000000
Vermont,Burlington,4,0,0,0,0,0,0,2,0,2,42160
Vermont,South Burlington,0,0,1,0,0,0,0,0,0,1,18946
Vermont,University of Vermont,1,0,0,0,0,0,0,0,0,1,12856
Vermont,Windham,0,0,0,0,0,1,0,0,1,0,1000000
Vermont,"State Police, Brattleboro",0,0,1,0,0,0,0,1,0,0,1000000
Virginia,Alexandria,1,0,0,0,0,0,0,0,1,0,152710
Virginia,Altavista,1,0,0,0,0,0,0,0,1,0,3462
Virginia,Bedford,1,0,0,0,0,0,0,0,0,1,6437
Virginia,Charlottesville,1,0,0,0,0,0,1,0,0,0,45997
Virginia,Chesapeake,15,0,0,0,0,0,1,2,3,9,235273
Virginia,Chilhowie,0,1,0,0,0,0,0,0,1,0,1741
Virginia,Danville,1,0,0,0,0,0,0,0,1,0,42210
Virginia,Emporia,1,0,0,0,0,0,1,0,0,0,5339
Virginia,Fairfax City,1,0,0,0,0,0,1,0,0,0,24911
Virginia,Front Royal,2,0,0,0,0,0,0,1,1,0,15184
Virginia,Galax,1,0,0,0,0,0,0,0,1,0,6980
Virginia,Hampton,4,0,0,0,0,0,1,1,2,0,136381
Virginia,Herndon,0,1,0,0,0,0,0,0,1,0,24849
Virginia,Hopewell,1,0,0,0,0,0,0,0,0,1,22027
Virginia,Kenbridge,1,0,0,0,0,0,0,0,1,0,1236
Virginia,Leesburg,1,0,0,0,0,0,0,1,0,0,51254
Virginia,Lynchburg,2,0,0,0,0,0,0,0,2,0,79675
Virginia,Manassas,0,0,1,0,0,0,0,0,1,0,42977
Virginia,Marion,0,0,1,0,0,0,0,1,0,0,5852
Virginia,Newport News,2,0,1,0,0,0,1,0,0,2,182975
Virginia,Norfolk,4,1,9,1,0,0,0,1,9,5,245400
Virginia,Richmond,2,0,1,0,0,0,0,2,0,1,220802
Virginia,Roanoke,2,0,0,0,0,0,0,0,1,1,99827
Virginia,Smithfield,0,0,1,0,0,0,0,0,1,0,8336
Virginia,Staunton,1,0,0,0,0,0,0,0,0,1,24654
Virginia,Vinton,3,0,0,0,0,0,0,2,1,0,8210
Virginia,Virginia Beach,5,2,1,0,0,0,1,0,4,3,452797
Virginia,Christopher Newport University,1,0,0,0,0,0,0,0,0,1,5221
Virginia,College of William and Mary,0,1,0,0,0,0,1,0,0,0,8437
Virginia,George Mason University,1,1,0,0,0,0,0,1,0,1,33729
Virginia,Longwood University,1,0,1,0,0,0,0,2,0,0,5096
Virginia,Norfolk State University,1,0,0,0,0,0,0,0,0,1,6027
Virginia,Northern Virginia Community College,1,2,0,0,0,0,1,0,0,2,51487
Virginia,University of Richmond,1,0,0,0,0,0,1,0,0,0,4182
Virginia,University of Virginia,1,0,0,0,0,0,0,0,1,0,23732
Virginia,Virginia Polytechnic Institute and State University,0,1,0,0,0,0,0,0,0,1,31224
Virginia,Albemarle County Police Department,6,0,0,0,0,0,1,2,3,0,1000000
Virginia,Appomattox,0,1,0,0,0,0,0,0,0,1,1000000
Virginia,Arlington County Police Department,5,0,1,0,0,0,3,0,1,2,1000000
Virginia,Chesterfield County Police Department,1,2,2,0,0,0,1,2,2,0,1000000
Virginia,Dinwiddie,3,0,0,0,0,0,0,1,2,0,1000000
Virginia,Fairfax County Police Department,16,8,2,0,0,0,3,6,9,8,1000000
Virginia,Franklin,0,0,1,0,0,0,0,0,0,1,1000000
Virginia,Henrico County Police Department,3,0,0,0,0,0,2,1,0,0,1000000
Virginia,James City County Police Department,1,0,0,0,0,0,0,0,0,1,1000000
Virginia,Loudoun,2,1,0,0,0,0,1,0,1,1,1000000
Virginia,Mathews,1,0,0,0,0,0,0,0,0,1,1000000
Virginia,Roanoke County Police Department,0,1,0,1,0,0,2,0,0,0,1000000
Virginia,Rockingham,2,0,0,0,0,0,1,0,1,0,1000000
Virginia,Spotsylvania,2,1,0,0,0,0,2,0,0,1,1000000
Virginia,Washington,1,0,0,0,0,0,0,0,1,0,1000000
Virginia,Accomack,0,0,1,0,0,0,1,0,0,0,1000000
Virginia,Henry,1,0,0,0,0,0,0,1,0,0,1000000
Virginia,Madison,1,0,0,0,0,0,0,1,0,0,1000000
Virginia,Rockbridge,1,0,0,0,0,0,0,0,1,0,1000000
Virginia,Shenandoah,1,0,0,0,0,0,0,0,1,0,1000000
Virginia,State Police:,0,0,0,0,0,0,0,0,0,0,1000000
Virginia,Hanover County,1,0,0,0,0,0,0,0,1,0,1000000
Virginia,Pittsylvania County,0,0,1,0,0,0,1,0,0,0,1000000
Washington,Aberdeen,1,0,0,0,0,0,0,1,0,0,16100
Washington,Anacortes,1,0,0,0,0,0,0,0,0,1,16351
Washington,Arlington,1,0,0,0,0,0,0,0,0,1,19018
Washington,Auburn,3,0,0,0,0,0,0,2,0,1,77914
Washington,Bellevue,1,0,0,1,0,0,0,1,0,1,138532
Washington,Bellingham,3,1,0,0,1,0,2,0,2,1,83976
Washington,Bothell,0,3,0,0,0,0,2,0,0,1,37346
Washington,Burien,1,0,0,0,0,0,1,0,0,0,50701
Washington,Burlington,1,0,0,0,0,0,0,0,0,1,8610
Washington,Centralia,0,2,1,0,0,0,1,2,0,0,16632
Washington,Des Moines,1,0,0,0,0,0,0,0,1,0,31335
Washington,Edmonds,1,0,1,0,0,0,0,0,0,2,41187
Washington,Ellensburg,0,0,1,0,0,0,0,0,1,0,18899
Washington,Everett,1,0,1,0,0,0,0,0,0,2,107633
Washington,Federal Way,4,1,0,0,0,0,3,0,2,0,94424
Washington,Fife,1,0,0,0,0,0,0,0,0,1,9642
Washington,Kelso,0,0,1,0,0,0,0,1,0,0,11756
Washington,Kent,12,0,1,0,0,0,1,4,6,2,127259
Washington,Lakewood,2,0,1,0,0,0,1,0,0,2,59958
Washington,Longview,4,0,1,0,0,0,3,2,0,0,36401
Washington,Marysville,1,0,0,0,0,0,0,0,0,1,66374
Washington,Mercer Island,0,1,0,0,0,0,0,0,0,1,24737
Washington,Moses Lake,2,0,0,0,0,0,0,1,1,0,22026
Washington,Mountlake Terrace,0,1,0,0,0,0,0,0,0,1,21051
Washington,Mount Vernon,0,0,1,0,0,0,1,0,0,0,33474
Washington,Mukilteo,1,0,0,0,0,0,0,0,0,1,21171
Washington,Olympia,2,0,2,0,0,0,0,1,2,1,49875
Washington,Omak,0,0,1,0,0,0,0,0,1,0,4847
Washington,Oroville,0,0,0,1,0,0,0,0,0,1,1676
Washington,Orting,0,0,1,0,0,0,1,0,0,0,7401
Washington,Port Angeles,0,1,0,0,0,0,0,1,0,0,19304
Washington,Pullman,1,0,0,0,0,0,0,1,0,0,32174
Washington,Puyallup,1,0,0,0,0,0,0,0,1,0,39645
Washington,Redmond,1,5,0,0,0,0,3,0,0,3,60542
Washington,Renton,3,1,0,0,0,0,0,2,0,2,100015
Washington,Republic,0,0,0,0,0,1,0,1,0,0,1086
Washington,Richland,1,0,0,0,0,0,1,0,0,0,54218
Washington,Sammamish,1,0,0,0,0,0,1,0,0,0,52365
Washington,SeaTac,0,0,1,0,0,0,1,0,0,0,28418
Washington,Seattle,40,8,27,0,0,8,16,32,23,12,683700
Washington,Shelton,0,0,1,0,0,0,1,0,0,0,9758
Washington,Shoreline,1,0,0,0,0,0,1,0,0,0,55690
Washington,Soap Lake,1,0,0,0,0,0,0,1,0,0,1594
Washington,Spokane3,3,4,5,0,0,0,3,1,4,4,212698
Washington,Spokane Valley,3,1,1,0,0,0,2,2,1,0,92157
Washington,Steilacoom,1,1,0,0,0,0,0,0,2,0,6228
Washington,Sunnyside,2,0,0,0,0,0,1,0,0,1,16198
Washington,Tacoma,6,0,3,0,0,0,2,6,1,0,206884
Washington,Tukwila,2,2,0,0,0,0,0,2,2,0,20116
Washington,Vancouver,3,1,0,1,0,0,1,2,1,1,171076
Washington,Walla Walla,11,0,0,0,0,0,3,3,1,4,31940
Washington,Washougal,1,0,0,0,0,0,0,1,0,0,15220
Washington,Woodway,1,0,0,0,0,0,0,0,0,1,1362
Washington,Yakima,3,3,0,0,0,0,1,2,1,2,93798
Washington,Zillah,0,0,1,0,0,0,0,1,0,0,3138
Washington,Eastern Washington University,2,0,0,0,0,0,0,1,0,1,13453
Washington,Evergreen State College,0,0,1,0,0,0,1,0,0,0,4219
Washington,University of Washington,4,0,0,0,1,0,3,1,1,0,44784
Washington,"Washington State University, Pullman",0,0,1,0,0,0,0,1,0,0,28686
Washington,Western Washington University,1,0,0,0,0,0,0,0,0,1,15060
Washington,Asotin,1,0,0,0,0,0,0,1,0,0,1000000
Washington,Clark,1,0,0,0,0,0,0,1,0,0,1000000
Washington,Cowlitz,1,0,0,0,0,0,1,0,0,0,1000000
Washington,King,3,2,0,0,0,0,1,1,1,2,1000000
Washington,Kitsap,1,0,0,0,0,0,0,0,1,0,1000000
Washington,Pend Oreille,2,0,0,0,0,0,1,0,0,1,1000000
Washington,Pierce,0,1,0,0,0,0,0,0,1,0,1000000
Washington,Skagit,1,0,0,0,0,0,0,0,1,0,1000000
Washington,Snohomish,2,0,1,0,0,0,0,0,0,3,1000000
Washington,Spokane,2,1,0,0,0,0,2,1,0,0,1000000
Washington,Thurston,1,0,0,0,0,0,0,1,0,0,1000000
Washington,Whatcom,3,3,1,0,0,0,4,1,2,0,1000000
Washington,Yakima,1,0,0,0,0,0,0,0,1,0,1000000
Washington,Clallam,0,0,0,0,1,0,0,0,1,0,1000000
Washington,Garfield,1,0,0,0,0,0,1,0,0,0,1000000
Washington,Grays Harbor,1,0,0,0,0,0,0,0,1,0,1000000
Washington,Lewis,1,0,0,0,0,0,0,0,0,1,1000000
Washington,Okanogan,1,0,0,0,0,0,0,0,0,1,1000000
Washington,Lummi Tribal,0,0,1,0,0,0,0,0,1,0,1000000
West Virginia,Buckhannon,1,1,0,0,0,0,0,0,2,0,5690
West Virginia,Charleston,6,0,3,1,0,0,1,2,3,4,50176
West Virginia,Moundsville,6,0,0,1,0,0,2,3,2,0,8852
West Virginia,Oak Hill,2,0,0,0,0,0,1,0,0,1,8138
West Virginia,Weirton,1,0,0,0,0,0,1,0,0,0,19273
West Virginia,Berkeley,0,1,0,0,0,0,0,0,1,0,1000000
West Virginia,Brooke,2,0,0,0,0,0,0,1,1,0,1000000
West Virginia,Fayette,2,0,0,0,0,0,0,1,0,1,1000000
West Virginia,Hancock,2,0,0,1,0,0,1,0,0,2,1000000
West Virginia,Kanawha,0,0,2,0,0,0,0,0,1,1,1000000
West Virginia,Mason,6,1,0,1,0,0,2,3,3,0,1000000
West Virginia,McDowell,0,0,1,0,0,0,0,1,0,0,1000000
Wisconsin,Appleton,0,1,1,0,0,0,1,1,0,0,74310
Wisconsin,Ashland,0,1,0,0,0,0,0,0,0,1,8169
Wisconsin,Beloit,2,0,0,0,0,0,2,0,0,0,36862
Wisconsin,Campbell Township,0,0,1,0,0,0,1,0,0,0,4429
Wisconsin,Darlington,1,0,0,0,0,0,0,1,0,0,2402
Wisconsin,Fennimore,1,0,0,0,0,0,1,0,0,0,2471
Wisconsin,Fond du Lac,1,0,0,0,0,0,0,0,1,0,42887
Wisconsin,Green Bay,1,0,0,0,0,0,0,0,0,1,105119
Wisconsin,Janesville,1,0,0,0,0,0,0,0,0,1,64122
Wisconsin,Lancaster,0,0,1,0,0,0,0,0,1,0,3765
Wisconsin,Madison,4,3,1,0,0,0,3,0,3,2,248833
Wisconsin,Menomonie,2,0,0,0,0,0,2,0,0,0,16223
Wisconsin,Milwaukee,4,1,0,0,0,0,3,2,0,0,600400
Wisconsin,Muscoda,0,0,0,0,1,0,0,0,1,0,1263
Wisconsin,New Berlin,1,0,0,0,0,0,0,1,0,0,39906
Wisconsin,Onalaska,1,0,0,0,0,0,0,0,1,0,18529
Wisconsin,Rhinelander,1,0,0,0,0,0,1,0,0,0,7429
Wisconsin,River Falls,1,1,0,0,0,0,1,0,0,1,15207
Wisconsin,"University of Wisconsin, Platteville",0,0,1,0,0,0,0,0,1,0,8901
Wisconsin,Fond du Lac,0,0,1,0,0,0,0,0,1,0,1000000
Wisconsin,Rock,2,0,0,0,0,0,0,1,1,0,1000000
Wisconsin,Waukesha,0,0,1,0,0,0,0,0,0,1,1000000
Wisconsin,Burnett,1,0,0,0,0,0,0,0,0,1,1000000
Wisconsin,Oneida,0,1,0,0,0,0,0,0,1,0,1000000
Wisconsin,Sawyer,3,0,0,0,0,0,0,0,1,2,1000000
Wyoming,Gillette,2,0,0,0,0,0,0,0,1,1,32502
,0,0,0,0,0,0,0,0,0,0,0,1000000
,0,0,0,0,0,0,0,0,0,0,0,1000000
,0,0,0,0,0,0,0,0,0,0,0,1000000
,0,0,0,0,0,0,0,0,0,0,0,1000000
